WARNING: You are currently using Node.js v25.1.0, which is not supported by Hardhat. This can lead to unexpected behavior. See https://v2.hardhat.org/nodejs-versions


Started HTTP and WebSocket JSON-RPC server at http://127.0.0.1:8545/

Accounts
========

WARNING: These accounts, and their private keys, are publicly known.
Any funds sent to them on Mainnet or any other live network WILL BE LOST.

Account #0: 0xf39Fd6e51aad88F6F4ce6aB8827279cffFb92266 (10000 ETH)
Private Key: 0xac0974bec39a17e36ba4a6b4d238ff944bacb478cbed5efcae784d7bf4f2ff80

Account #1: 0x70997970C51812dc3A010C7d01b50e0d17dc79C8 (10000 ETH)
Private Key: 0x59c6995e998f97a5a0044966f0945389dc9e86dae88c7a8412f4603b6b78690d

Account #2: 0x3C44CdDdB6a900fa2b585dd299e03d12FA4293BC (10000 ETH)
Private Key: 0x5de4111afa1a4b94908f83103eb1f1706367c2e68ca870fc3fb9a804cdab365a

Account #3: 0x90F79bf6EB2c4f870365E785982E1f101E93b906 (10000 ETH)
Private Key: 0x7c852118294e51e653712a81e05800f419141751be58f605c371e15141b007a6

Account #4: 0x15d34AAf54267DB7D7c367839AAf71A00a2C6A65 (10000 ETH)
Private Key: 0x47e179ec197488593b187f80a00eb0da91f1b9d0b13f8733639f19c30a34926a

Account #5: 0x9965507D1a55bcC2695C58ba16FB37d819B0A4dc (10000 ETH)
Private Key: 0x8b3a350cf5c34c9194ca85829a2df0ec3153be0318b5e2d3348e872092edffba

Account #6: 0x976EA74026E726554dB657fA54763abd0C3a0aa9 (10000 ETH)
Private Key: 0x92db14e403b83dfe3df233f83dfa3a0d7096f21ca9b0d6d6b8d88b2b4ec1564e

Account #7: 0x14dC79964da2C08b23698B3D3cc7Ca32193d9955 (10000 ETH)
Private Key: 0x4bbbf85ce3377467afe5d46f804f221813b2bb87f24d81f60f1fcdbf7cbf4356

Account #8: 0x23618e81E3f5cdF7f54C3d65f7FBc0aBf5B21E8f (10000 ETH)
Private Key: 0xdbda1821b80551c9d65939329250298aa3472ba22feea921c0cf5d620ea67b97

Account #9: 0xa0Ee7A142d267C1f36714E4a8F75612F20a79720 (10000 ETH)
Private Key: 0x2a871d0798f97d79848a013d4936a73bf4cc922c825d33c1cf7073dff6d409c6

Account #10: 0xBcd4042DE499D14e55001CcbB24a551F3b954096 (10000 ETH)
Private Key: 0xf214f2b2cd398c806f84e317254e0f0b801d0643303237d97a22a48e01628897

Account #11: 0x71bE63f3384f5fb98995898A86B02Fb2426c5788 (10000 ETH)
Private Key: 0x701b615bbdfb9de65240bc28bd21bbc0d996645a3dd57e7b12bc2bdf6f192c82

Account #12: 0xFABB0ac9d68B0B445fB7357272Ff202C5651694a (10000 ETH)
Private Key: 0xa267530f49f8280200edf313ee7af6b827f2a8bce2897751d06a843f644967b1

Account #13: 0x1CBd3b2770909D4e10f157cABC84C7264073C9Ec (10000 ETH)
Private Key: 0x47c99abed3324a2707c28affff1267e45918ec8c3f20b8aa892e8b065d2942dd

Account #14: 0xdF3e18d64BC6A983f673Ab319CCaE4f1a57C7097 (10000 ETH)
Private Key: 0xc526ee95bf44d8fc405a158bb884d9d1238d99f0612e9f33d006bb0789009aaa

Account #15: 0xcd3B766CCDd6AE721141F452C550Ca635964ce71 (10000 ETH)
Private Key: 0x8166f546bab6da521a8369cab06c5d2b9e46670292d85c875ee9ec20e84ffb61

Account #16: 0x2546BcD3c84621e976D8185a91A922aE77ECEc30 (10000 ETH)
Private Key: 0xea6c44ac03bff858b476bba40716402b03e41b8e97e276d1baec7c37d42484a0

Account #17: 0xbDA5747bFD65F08deb54cb465eB87D40e51B197E (10000 ETH)
Private Key: 0x689af8efa8c651a91ad287602527f3af2fe9f6501a7ac4b061667b5a93e037fd

Account #18: 0xdD2FD4581271e230360230F9337D5c0430Bf44C0 (10000 ETH)
Private Key: 0xde9be858da4a475276426320d5e9262ecfc3ba460bfac56360bfa6c4c28b4ee0

Account #19: 0x8626f6940E2eb28930eFb4CeF49B2d1F2C9C1199 (10000 ETH)
Private Key: 0xdf57089febbacf7ba0bc227dafbffa9fc08a93fdc68e1e42411a14efcf23656e

WARNING: These accounts, and their private keys, are publicly known.
Any funds sent to them on Mainnet or any other live network WILL BE LOST.

[32meth_blockNumber[0m
[32meth_accounts[0m
[32mhardhat_metadata[0m
[32mhardhat_metadata (2)[0m
[32mhardhat_metadata (3)[0m
[32mhardhat_metadata (4)[0m
[32mhardhat_metadata (5)[0m
[32mhardhat_metadata (6)[0m
[32mhardhat_metadata (7)[0m
[32mhardhat_metadata (8)[0m
[32mhardhat_metadata (9)[0m
[32mhardhat_metadata (10)[0m
[32mhardhat_metadata (11)[0m
[32mhardhat_metadata (12)[0m
[32mhardhat_metadata (13)[0m
[32mhardhat_metadata (14)[0m
[32mhardhat_metadata (15)[0m
[32mhardhat_metadata (16)[0m
[32mhardhat_metadata (17)[0m
[32mhardhat_metadata (18)[0m
[32mhardhat_metadata (19)[0m
[32mhardhat_metadata (20)[0m
[32meth_accounts[0m
[32mhardhat_metadata[0m
[32mhardhat_metadata (2)[0m
[32mhardhat_metadata (3)[0m
[32mhardhat_metadata (4)[0m
[32mhardhat_metadata (5)[0m
[32mhardhat_metadata (6)[0m
[32mhardhat_metadata (7)[0m
[32mhardhat_metadata (8)[0m
[32mhardhat_metadata (9)[0m
[32mhardhat_metadata (10)[0m
[32mhardhat_metadata (11)[0m
[32mhardhat_metadata (12)[0m
[32mhardhat_metadata (13)[0m
[32mhardhat_metadata (14)[0m
[32mhardhat_metadata (15)[0m
[32mhardhat_metadata (16)[0m
[32mhardhat_metadata (17)[0m
[32mhardhat_metadata (18)[0m
[32mhardhat_metadata (19)[0m
[32mhardhat_metadata (20)[0m
[32meth_blockNumber[0m
[32meth_getBlockByNumber[0m
[32meth_feeHistory[0m
[32meth_maxPriorityFeePerGas[0m
[32meth_sendTransaction[0m
  Contract deployment: MockDAI
  Contract address:    0x5fbdb2315678afecb367f032d93f642f64180aa3
  Transaction:         0x25decd631e7af355ded7e27d494679a18fb2b0a2b0d61d4d90b2feb38d95dc38
  From:                0xf39fd6e51aad88f6f4ce6ab8827279cfffb92266
  Value:               0 ETH
  Gas used:            748695 of 30000000
  Block #1:            0x8db3e029640c3f2d4560f9c73ac2e6e8dd863683004352f2007332f1c214c74c

[32meth_getTransactionByHash[0m
[32meth_getTransactionReceipt[0m
[32meth_accounts[0m
[32mhardhat_metadata[0m
[32mhardhat_metadata (2)[0m
[32mhardhat_metadata (3)[0m
[32mhardhat_metadata (4)[0m
[32mhardhat_metadata (5)[0m
[32mhardhat_metadata (6)[0m
[32mhardhat_metadata (7)[0m
[32mhardhat_metadata (8)[0m
[32mhardhat_metadata (9)[0m
[32mhardhat_metadata (10)[0m
[32mhardhat_metadata (11)[0m
[32mhardhat_metadata (12)[0m
[32mhardhat_metadata (13)[0m
[32mhardhat_metadata (14)[0m
[32mhardhat_metadata (15)[0m
[32mhardhat_metadata (16)[0m
[32mhardhat_metadata (17)[0m
[32mhardhat_metadata (18)[0m
[32mhardhat_metadata (19)[0m
[32mhardhat_metadata (20)[0m
[32meth_blockNumber[0m
[32meth_feeHistory[0m
[32meth_sendTransaction[0m
  Contract deployment: MockYieldStrategy
  Contract address:    0xe7f1725e7734ce288f8367e1bb143e90bb3f0512
  Transaction:         0x5934ead4eb61d957851cc4c883e7ebcc4602f700ee11a48d785fe2c3c3872a38
  From:                0xf39fd6e51aad88f6f4ce6ab8827279cfffb92266
  Value:               0 ETH
  Gas used:            507505 of 30000000
  Block #2:            0x5d400a7d436f97a8a98534e4d05e25bfe328ebf3e2391a792174f846ef7841c5

[32meth_getTransactionByHash[0m
[32meth_getTransactionReceipt[0m
[32meth_accounts[0m
[32mhardhat_metadata[0m
[32mhardhat_metadata (2)[0m
[32mhardhat_metadata (3)[0m
[32mhardhat_metadata (4)[0m
[32mhardhat_metadata (5)[0m
[32mhardhat_metadata (6)[0m
[32mhardhat_metadata (7)[0m
[32mhardhat_metadata (8)[0m
[32mhardhat_metadata (9)[0m
[32mhardhat_metadata (10)[0m
[32mhardhat_metadata (11)[0m
[32mhardhat_metadata (12)[0m
[32mhardhat_metadata (13)[0m
[32mhardhat_metadata (14)[0m
[32mhardhat_metadata (15)[0m
[32mhardhat_metadata (16)[0m
[32mhardhat_metadata (17)[0m
[32mhardhat_metadata (18)[0m
[32mhardhat_metadata (19)[0m
[32mhardhat_metadata (20)[0m
[32meth_blockNumber[0m
[32meth_feeHistory[0m
[32meth_sendTransaction[0m
  Contract deployment: VRFCoordinatorV2Mock
  Contract address:    0x9fe46736679d2d9a65f0992f2272de9f3c7fa6e0
  Transaction:         0x067da63a9e2d28fd7961584ac381edb7878df9bc4fc60ca7dff843e0323c4027
  From:                0xf39fd6e51aad88f6f4ce6ab8827279cfffb92266
  Value:               0 ETH
  Gas used:            620543 of 30000000
  Block #3:            0xf803d6459c542d71868afc00d32d6aa86081f1204dab353af73a8f2ab0b035f7

[32meth_getTransactionByHash[0m
[32meth_getTransactionReceipt[0m
[32meth_blockNumber[0m
[32meth_feeHistory[0m
[32meth_sendTransaction[0m
  Contract call:       VRFCoordinatorV2Mock#createSubscription
  Transaction:         0xcea74ef05dac93a71c9bac7376ce25e477df854c2409cad7a4bfe665c0a6ed81
  From:                0xf39fd6e51aad88f6f4ce6ab8827279cfffb92266
  To:                  0x9fe46736679d2d9a65f0992f2272de9f3c7fa6e0
  Value:               0 ETH
  Gas used:            67529 of 30000000
  Block #4:            0xd0ddef7f77056637dfd38ff90934acb605a108fce42f43e37313904d06d4206a

[32meth_getTransactionByHash[0m
[32meth_getTransactionReceipt[0m
[32meth_blockNumber[0m
[32meth_feeHistory[0m
[32meth_sendTransaction[0m
  Contract call:       VRFCoordinatorV2Mock#fundSubscription
  Transaction:         0xa0094791365c885eba1a464bbd8202f1978a9fe9f3f5b29561732b2a1ea651af
  From:                0xf39fd6e51aad88f6f4ce6ab8827279cfffb92266
  To:                  0x9fe46736679d2d9a65f0992f2272de9f3c7fa6e0
  Value:               0 ETH
  Gas used:            27502 of 30000000
  Block #5:            0x4205fe65774e9b571caf694e874d4b938e4d15819fb9e5af85d2ebdff38fc298

[32meth_getTransactionByHash[0m
[32meth_accounts[0m
[32mhardhat_metadata[0m
[32mhardhat_metadata (2)[0m
[32mhardhat_metadata (3)[0m
[32mhardhat_metadata (4)[0m
[32mhardhat_metadata (5)[0m
[32mhardhat_metadata (6)[0m
[32mhardhat_metadata (7)[0m
[32mhardhat_metadata (8)[0m
[32mhardhat_metadata (9)[0m
[32mhardhat_metadata (10)[0m
[32mhardhat_metadata (11)[0m
[32mhardhat_metadata (12)[0m
[32mhardhat_metadata (13)[0m
[32mhardhat_metadata (14)[0m
[32mhardhat_metadata (15)[0m
[32mhardhat_metadata (16)[0m
[32mhardhat_metadata (17)[0m
[32mhardhat_metadata (18)[0m
[32mhardhat_metadata (19)[0m
[32mhardhat_metadata (20)[0m
[32meth_blockNumber[0m
[32meth_feeHistory[0m
[32meth_sendTransaction[0m
  Contract deployment: NoLossLottery
  Contract address:    0x5fc8d32690cc91d4c39d9d3abcbd16989f875707
  Transaction:         0x391bf0b39f25c0d62460728f3949ce60f1c6a9fa30c0e8f5adb22be8baea785e
  From:                0xf39fd6e51aad88f6f4ce6ab8827279cfffb92266
  Value:               0 ETH
  Gas used:            1886330 of 30000000
  Block #6:            0xb5c872e3fe51b69d1db027a969d541d7cdcb4552a71d19baea60c1e0d2c16c20

[32meth_getTransactionByHash[0m
[32meth_getTransactionReceipt[0m
[32meth_blockNumber[0m
[32meth_feeHistory[0m
[32meth_sendTransaction[0m
  Contract call:       VRFCoordinatorV2Mock#addConsumer
  Transaction:         0xb6d45e67c13d6e3f2cf39357f6b3574462f6deb90dfed1ee9cebf6729ea359bf
  From:                0xf39fd6e51aad88f6f4ce6ab8827279cfffb92266
  To:                  0x9fe46736679d2d9a65f0992f2272de9f3c7fa6e0
  Value:               0 ETH
  Gas used:            24228 of 30000000
  Block #7:            0x5348295c01d863b7b1b722769e02d756603798769d627819a7a35b2cdf299acf

[32meth_getTransactionByHash[0m
[32meth_blockNumber[0m
[32meth_feeHistory[0m
[32meth_sendTransaction[0m
  Contract call:       MockDAI#mint
  Transaction:         0xda9a092accbb9eb6bc607354595f2974f953f126835b72c95b858d7359ea58a9
  From:                0xf39fd6e51aad88f6f4ce6ab8827279cfffb92266
  To:                  0x5fbdb2315678afecb367f032d93f642f64180aa3
  Value:               0 ETH
  Gas used:            36476 of 30000000
  Block #8:            0x8f0e092c69531664d95c8857075527fef660860a7bb89f080a35fd3555bd3a42

[32meth_getTransactionByHash[0m
[32meth_blockNumber[0m
[32meth_getBalance[0m
[32meth_getBalance (2)[0m
[32meth_blockNumber[0m
[32meth_blockNumber (2)[0m
[32meth_blockNumber (3)[0m
[32meth_blockNumber (4)[0m
[32meth_blockNumber (5)[0m
[32meth_blockNumber (6)[0m
[32meth_blockNumber (7)[0m
[32meth_blockNumber (8)[0m
[32meth_blockNumber (9)[0m
[32meth_blockNumber (10)[0m
[32meth_blockNumber (11)[0m
[32meth_blockNumber (12)[0m
[32meth_blockNumber (13)[0m
[32meth_getBalance[0m
[32meth_blockNumber[0m
[32meth_blockNumber (2)[0m
[32meth_blockNumber (3)[0m
[32meth_blockNumber (4)[0m
[32meth_blockNumber (5)[0m
[32meth_blockNumber (6)[0m
[32meth_blockNumber (7)[0m
[32meth_blockNumber (8)[0m
[32meth_blockNumber (9)[0m
[32meth_blockNumber (10)[0m
[32meth_blockNumber (11)[0m
[32meth_blockNumber (12)[0m
[32meth_blockNumber (13)[0m
[32meth_blockNumber (14)[0m
[32meth_getBalance[0m
[32meth_blockNumber[0m
[32meth_blockNumber (2)[0m
[32meth_blockNumber (3)[0m
[32meth_blockNumber (4)[0m
[32meth_blockNumber (5)[0m
[32meth_blockNumber (6)[0m
[32meth_blockNumber (7)[0m
[32meth_blockNumber (8)[0m
[32meth_chainId[0m
[32meth_blockNumber[0m
[32meth_blockNumber (2)[0m
[32meth_chainId[0m
[32meth_blockNumber[0m
[32meth_blockNumber (2)[0m
[32meth_blockNumber (3)[0m
[32meth_blockNumber (4)[0m
[32meth_blockNumber (5)[0m
[32meth_blockNumber (6)[0m
[32meth_blockNumber (7)[0m
[32meth_blockNumber (8)[0m
[32meth_blockNumber (9)[0m
[32meth_call[0m
  Contract call:       NoLossLottery#getPoolSize
  From:                0x70997970c51812dc3a010c7d01b50e0d17dc79c8
  To:                  0x5fc8d32690cc91d4c39d9d3abcbd16989f875707

[32meth_call[0m
  Contract call:       NoLossLottery#currentRound
  From:                0x70997970c51812dc3a010c7d01b50e0d17dc79c8
  To:                  0x5fc8d32690cc91d4c39d9d3abcbd16989f875707

[32meth_call[0m
  Contract call:       NoLossLottery#userDeposits
  From:                0x70997970c51812dc3a010c7d01b50e0d17dc79c8
  To:                  0x5fc8d32690cc91d4c39d9d3abcbd16989f875707

[32meth_blockNumber[0m
[32meth_blockNumber (2)[0m
[32meth_blockNumber (3)[0m
[32meth_blockNumber (4)[0m
[32meth_blockNumber (5)[0m
[32meth_blockNumber (6)[0m
[32meth_blockNumber (7)[0m
[32meth_blockNumber (8)[0m
[32meth_blockNumber (9)[0m
[32meth_blockNumber (10)[0m
[32meth_blockNumber (11)[0m
[32meth_blockNumber (12)[0m
[32meth_blockNumber (13)[0m
[32meth_blockNumber (14)[0m
[32meth_blockNumber (15)[0m
[32meth_blockNumber (16)[0m
[32meth_blockNumber (17)[0m
[32meth_call[0m
  Contract call:       NoLossLottery#totalDeposits
  From:                0x70997970c51812dc3a010c7d01b50e0d17dc79c8
  To:                  0x5fc8d32690cc91d4c39d9d3abcbd16989f875707

[32meth_call[0m
  Contract call:       NoLossLottery#userPrizes
  From:                0x70997970c51812dc3a010c7d01b50e0d17dc79c8
  To:                  0x5fc8d32690cc91d4c39d9d3abcbd16989f875707

[32meth_call[0m
  Contract call:       NoLossLottery#getCurrentYield
  From:                0x70997970c51812dc3a010c7d01b50e0d17dc79c8
  To:                  0x5fc8d32690cc91d4c39d9d3abcbd16989f875707

[32meth_call[0m
  Contract call:       NoLossLottery#getUserOdds
  From:                0x70997970c51812dc3a010c7d01b50e0d17dc79c8
  To:                  0x5fc8d32690cc91d4c39d9d3abcbd16989f875707

[32meth_call[0m
  Contract call:       MockDAI#balanceOf
  From:                0x70997970c51812dc3a010c7d01b50e0d17dc79c8
  To:                  0x5fbdb2315678afecb367f032d93f642f64180aa3

[32meth_call[0m
  Contract call:       NoLossLottery#getDepositorCount
  From:                0x70997970c51812dc3a010c7d01b50e0d17dc79c8
  To:                  0x5fc8d32690cc91d4c39d9d3abcbd16989f875707

[32meth_call[0m
  Contract call:       NoLossLottery#getTimeUntilRoundEnd
  From:                0x70997970c51812dc3a010c7d01b50e0d17dc79c8
  To:                  0x5fc8d32690cc91d4c39d9d3abcbd16989f875707

[32meth_blockNumber[0m
[32meth_estimateGas[0m
[32meth_getCode[0m
[32meth_getCode (2)[0m
[32meth_gasPrice[0m
[32meth_blockNumber[0m
[32meth_accounts[0m
[31meth_call[0m
  Contract call:       MockDAI#<unrecognized-selector>
  From:                0xf39fd6e51aad88f6f4ce6ab8827279cfffb92266
  To:                  0x5fbdb2315678afecb367f032d93f642f64180aa3

  Error: Transaction reverted without a reason

[31meth_call[0m
  Contract call:       MockDAI#<unrecognized-selector>
  From:                0xf39fd6e51aad88f6f4ce6ab8827279cfffb92266
  To:                  0x5fbdb2315678afecb367f032d93f642f64180aa3

  Error: Transaction reverted without a reason

[32meth_call[0m
  Contract call:       MockDAI#symbol
  From:                0xf39fd6e51aad88f6f4ce6ab8827279cfffb92266
  To:                  0x5fbdb2315678afecb367f032d93f642f64180aa3

[32meth_call[0m
  Contract call:       MockDAI#decimals
  From:                0xf39fd6e51aad88f6f4ce6ab8827279cfffb92266
  To:                  0x5fbdb2315678afecb367f032d93f642f64180aa3

[32meth_blockNumber[0m
[31meth_call[0m
  Contract call:       MockDAI#<unrecognized-selector>
  From:                0xf39fd6e51aad88f6f4ce6ab8827279cfffb92266
  To:                  0x5fbdb2315678afecb367f032d93f642f64180aa3

  Error: Transaction reverted without a reason

[31meth_call[0m
  Contract call:       MockDAI#<unrecognized-selector>
  From:                0xf39fd6e51aad88f6f4ce6ab8827279cfffb92266
  To:                  0x5fbdb2315678afecb367f032d93f642f64180aa3

  Error: Transaction reverted without a reason

[32meth_call[0m
  Contract call:       MockDAI#balanceOf
  From:                0xf39fd6e51aad88f6f4ce6ab8827279cfffb92266
  To:                  0x5fbdb2315678afecb367f032d93f642f64180aa3

[31meth_call[0m
  Contract call:       MockDAI#<unrecognized-selector>
  From:                0xf39fd6e51aad88f6f4ce6ab8827279cfffb92266
  To:                  0x5fbdb2315678afecb367f032d93f642f64180aa3

  Error: Transaction reverted without a reason

[31meth_call[0m
  Contract call:       MockDAI#<unrecognized-selector>
  From:                0xf39fd6e51aad88f6f4ce6ab8827279cfffb92266
  To:                  0x5fbdb2315678afecb367f032d93f642f64180aa3

  Error: Transaction reverted without a reason

[31meth_call[0m
  Contract call:       MockDAI#<unrecognized-selector>
  From:                0xf39fd6e51aad88f6f4ce6ab8827279cfffb92266
  To:                  0x5fbdb2315678afecb367f032d93f642f64180aa3

  Error: Transaction reverted without a reason

[31meth_call[0m
  Contract call:       MockDAI#<unrecognized-selector>
  From:                0xf39fd6e51aad88f6f4ce6ab8827279cfffb92266
  To:                  0x5fbdb2315678afecb367f032d93f642f64180aa3

  Error: Transaction reverted without a reason

[31meth_call[0m
  Contract call:       MockDAI#<unrecognized-selector>
  From:                0xf39fd6e51aad88f6f4ce6ab8827279cfffb92266
  To:                  0x5fbdb2315678afecb367f032d93f642f64180aa3

  Error: Transaction reverted without a reason

[31meth_call[0m
  Contract call:       MockDAI#<unrecognized-selector>
  From:                0xf39fd6e51aad88f6f4ce6ab8827279cfffb92266
  To:                  0x5fbdb2315678afecb367f032d93f642f64180aa3

  Error: Transaction reverted without a reason

[32meth_getStorageAt[0m
[32meth_getStorageAt (2)[0m
[32meth_getTransactionCount[0m
[32meth_blockNumber[0m
[31meth_call[0m
  Contract call:       MockDAI#<unrecognized-selector>
  From:                0xf39fd6e51aad88f6f4ce6ab8827279cfffb92266
  To:                  0x5fbdb2315678afecb367f032d93f642f64180aa3

  Error: Transaction reverted without a reason

[31meth_call[0m
  Contract call:       MockDAI#<unrecognized-selector>
  From:                0xf39fd6e51aad88f6f4ce6ab8827279cfffb92266
  To:                  0x5fbdb2315678afecb367f032d93f642f64180aa3

  Error: Transaction reverted without a reason

[32meth_blockNumber[0m
[32meth_blockNumber (2)[0m
[32meth_blockNumber (3)[0m
[32meth_blockNumber (4)[0m
[32meth_blockNumber (5)[0m
[32meth_blockNumber (6)[0m
[32meth_blockNumber (7)[0m
[32meth_blockNumber (8)[0m
[32meth_blockNumber (9)[0m
[32meth_chainId[0m
[32meth_blockNumber[0m
[32meth_blockNumber (2)[0m
[32meth_blockNumber (3)[0m
[32meth_blockNumber (4)[0m
[31meth_call[0m
  Contract call:       MockDAI#<unrecognized-selector>
  From:                0xf39fd6e51aad88f6f4ce6ab8827279cfffb92266
  To:                  0x5fbdb2315678afecb367f032d93f642f64180aa3

  Error: Transaction reverted without a reason

[31meth_call[0m
  Contract call:       MockDAI#<unrecognized-selector>
  From:                0xf39fd6e51aad88f6f4ce6ab8827279cfffb92266
  To:                  0x5fbdb2315678afecb367f032d93f642f64180aa3

  Error: Transaction reverted without a reason

[32meth_blockNumber[0m
[31meth_call[0m
  Contract call:       MockDAI#<unrecognized-selector>
  From:                0xf39fd6e51aad88f6f4ce6ab8827279cfffb92266
  To:                  0x5fbdb2315678afecb367f032d93f642f64180aa3

  Error: Transaction reverted without a reason

[31meth_call[0m
  Contract call:       MockDAI#<unrecognized-selector>
  From:                0xf39fd6e51aad88f6f4ce6ab8827279cfffb92266
  To:                  0x5fbdb2315678afecb367f032d93f642f64180aa3

  Error: Transaction reverted without a reason

[32meth_blockNumber[0m
[32meth_sendRawTransaction[0m
  Contract call:       MockDAI#faucet
  Transaction:         0xbe4bdea37381059b852f91eaf76147b9f5e3b3ad9cb4a879ae297928b7bce599
  From:                0x70997970c51812dc3a010c7d01b50e0d17dc79c8
  To:                  0x5fbdb2315678afecb367f032d93f642f64180aa3
  Value:               0 ETH
  Gas used:            51053 of 51053
  Block #9:            0x85fc534cbc5cab1b2d1f83cb94dce7abcab9d6b0e322bba2c62283427c21bf23

[31meth_call[0m
  Contract call:       MockDAI#<unrecognized-selector>
  From:                0xf39fd6e51aad88f6f4ce6ab8827279cfffb92266
  To:                  0x5fbdb2315678afecb367f032d93f642f64180aa3

  Error: Transaction reverted without a reason

[32meth_getTransactionReceipt[0m
[31meth_call[0m
  Contract call:       MockDAI#<unrecognized-selector>
  From:                0xf39fd6e51aad88f6f4ce6ab8827279cfffb92266
  To:                  0x5fbdb2315678afecb367f032d93f642f64180aa3

  Error: Transaction reverted without a reason

[32meth_blockNumber[0m
[32meth_call[0m
  Contract call:       MockDAI#symbol
  From:                0xf39fd6e51aad88f6f4ce6ab8827279cfffb92266
  To:                  0x5fbdb2315678afecb367f032d93f642f64180aa3

[32meth_call[0m
  Contract call:       MockDAI#decimals
  From:                0xf39fd6e51aad88f6f4ce6ab8827279cfffb92266
  To:                  0x5fbdb2315678afecb367f032d93f642f64180aa3

[32meth_gasPrice[0m
[32meth_call[0m
  Contract call:       NoLossLottery#userDeposits
  From:                0x70997970c51812dc3a010c7d01b50e0d17dc79c8
  To:                  0x5fc8d32690cc91d4c39d9d3abcbd16989f875707

[32meth_call[0m
  Contract call:       NoLossLottery#userPrizes
  From:                0x70997970c51812dc3a010c7d01b50e0d17dc79c8
  To:                  0x5fc8d32690cc91d4c39d9d3abcbd16989f875707

[32meth_call[0m
  Contract call:       NoLossLottery#getUserOdds
  From:                0x70997970c51812dc3a010c7d01b50e0d17dc79c8
  To:                  0x5fc8d32690cc91d4c39d9d3abcbd16989f875707

[32meth_call[0m
  Contract call:       MockDAI#balanceOf
  From:                0x70997970c51812dc3a010c7d01b50e0d17dc79c8
  To:                  0x5fbdb2315678afecb367f032d93f642f64180aa3

[32meth_getTransactionReceipt[0m
[32meth_getBlockByHash[0m
[32meth_blockNumber[0m
[31meth_call[0m
  Contract call:       MockDAI#<unrecognized-selector>
  From:                0xf39fd6e51aad88f6f4ce6ab8827279cfffb92266
  To:                  0x5fbdb2315678afecb367f032d93f642f64180aa3

  Error: Transaction reverted without a reason

[32meth_getBalance[0m
[31meth_call[0m
  Contract call:       MockDAI#<unrecognized-selector>
  From:                0xf39fd6e51aad88f6f4ce6ab8827279cfffb92266
  To:                  0x5fbdb2315678afecb367f032d93f642f64180aa3

  Error: Transaction reverted without a reason

[32meth_call[0m
  Contract call:       NoLossLottery#getPoolSize
  From:                0x70997970c51812dc3a010c7d01b50e0d17dc79c8
  To:                  0x5fc8d32690cc91d4c39d9d3abcbd16989f875707

[32meth_call[0m
  Contract call:       NoLossLottery#currentRound
  From:                0x70997970c51812dc3a010c7d01b50e0d17dc79c8
  To:                  0x5fc8d32690cc91d4c39d9d3abcbd16989f875707

[32meth_call[0m
  Contract call:       NoLossLottery#totalDeposits
  From:                0x70997970c51812dc3a010c7d01b50e0d17dc79c8
  To:                  0x5fc8d32690cc91d4c39d9d3abcbd16989f875707

[32meth_call[0m
  Contract call:       NoLossLottery#getCurrentYield
  From:                0x70997970c51812dc3a010c7d01b50e0d17dc79c8
  To:                  0x5fc8d32690cc91d4c39d9d3abcbd16989f875707

[32meth_call[0m
  Contract call:       NoLossLottery#getDepositorCount
  From:                0x70997970c51812dc3a010c7d01b50e0d17dc79c8
  To:                  0x5fc8d32690cc91d4c39d9d3abcbd16989f875707

[32meth_call[0m
  Contract call:       NoLossLottery#getTimeUntilRoundEnd
  From:                0x70997970c51812dc3a010c7d01b50e0d17dc79c8
  To:                  0x5fc8d32690cc91d4c39d9d3abcbd16989f875707

[32meth_blockNumber[0m
[32meth_blockNumber (2)[0m
[32meth_blockNumber (3)[0m
[32meth_estimateGas[0m
[32meth_getCode[0m
[32meth_getCode (2)[0m
[32meth_blockNumber[0m
[31meth_call[0m
  Contract call:       MockDAI#<unrecognized-selector>
  From:                0xf39fd6e51aad88f6f4ce6ab8827279cfffb92266
  To:                  0x5fbdb2315678afecb367f032d93f642f64180aa3

  Error: Transaction reverted without a reason

[31meth_call[0m
  Contract call:       MockDAI#<unrecognized-selector>
  From:                0xf39fd6e51aad88f6f4ce6ab8827279cfffb92266
  To:                  0x5fbdb2315678afecb367f032d93f642f64180aa3

  Error: Transaction reverted without a reason

[32meth_blockNumber[0m
[32meth_getBlockByNumber[0m
[31meth_call[0m
  Contract call:       MockDAI#<unrecognized-selector>
  From:                0xf39fd6e51aad88f6f4ce6ab8827279cfffb92266
  To:                  0x5fbdb2315678afecb367f032d93f642f64180aa3

  Error: Transaction reverted without a reason

[31meth_call[0m
  Contract call:       MockDAI#<unrecognized-selector>
  From:                0xf39fd6e51aad88f6f4ce6ab8827279cfffb92266
  To:                  0x5fbdb2315678afecb367f032d93f642f64180aa3

  Error: Transaction reverted without a reason

[31meth_call[0m
  Contract call:       MockDAI#<unrecognized-selector>
  From:                0xf39fd6e51aad88f6f4ce6ab8827279cfffb92266
  To:                  0x5fbdb2315678afecb367f032d93f642f64180aa3

  Error: Transaction reverted without a reason

[32meth_call[0m
  Contract call:       MockDAI#balanceOf
  From:                0xf39fd6e51aad88f6f4ce6ab8827279cfffb92266
  To:                  0x5fbdb2315678afecb367f032d93f642f64180aa3

[31meth_call[0m
  Contract call:       MockDAI#<unrecognized-selector>
  From:                0xf39fd6e51aad88f6f4ce6ab8827279cfffb92266
  To:                  0x5fbdb2315678afecb367f032d93f642f64180aa3

  Error: Transaction reverted without a reason

[31meth_call[0m
  Contract call:       MockDAI#<unrecognized-selector>
  From:                0xf39fd6e51aad88f6f4ce6ab8827279cfffb92266
  To:                  0x5fbdb2315678afecb367f032d93f642f64180aa3

  Error: Transaction reverted without a reason

[31meth_call[0m
  Contract call:       MockDAI#<unrecognized-selector>
  From:                0xf39fd6e51aad88f6f4ce6ab8827279cfffb92266
  To:                  0x5fbdb2315678afecb367f032d93f642f64180aa3

  Error: Transaction reverted without a reason

[31meth_call[0m
  Contract call:       MockDAI#<unrecognized-selector>
  From:                0xf39fd6e51aad88f6f4ce6ab8827279cfffb92266
  To:                  0x5fbdb2315678afecb367f032d93f642f64180aa3

  Error: Transaction reverted without a reason

[31meth_call[0m
  Contract call:       MockDAI#<unrecognized-selector>
  From:                0xf39fd6e51aad88f6f4ce6ab8827279cfffb92266
  To:                  0x5fbdb2315678afecb367f032d93f642f64180aa3

  Error: Transaction reverted without a reason

[31meth_call[0m
  Contract call:       MockDAI#<unrecognized-selector>
  From:                0xf39fd6e51aad88f6f4ce6ab8827279cfffb92266
  To:                  0x5fbdb2315678afecb367f032d93f642f64180aa3

  Error: Transaction reverted without a reason

[31meth_call[0m
  Contract call:       MockDAI#<unrecognized-selector>
  From:                0xf39fd6e51aad88f6f4ce6ab8827279cfffb92266
  To:                  0x5fbdb2315678afecb367f032d93f642f64180aa3

  Error: Transaction reverted without a reason

[31meth_call[0m
  Contract call:       MockDAI#<unrecognized-selector>
  From:                0xf39fd6e51aad88f6f4ce6ab8827279cfffb92266
  To:                  0x5fbdb2315678afecb367f032d93f642f64180aa3

  Error: Transaction reverted without a reason

[31meth_call[0m
  Contract call:       NoLossLottery#<unrecognized-selector>
  From:                0xf39fd6e51aad88f6f4ce6ab8827279cfffb92266
  To:                  0x5fc8d32690cc91d4c39d9d3abcbd16989f875707

  Error: Transaction reverted without a reason

[31meth_call[0m
  Contract call:       MockDAI#<unrecognized-selector>
  From:                0xf39fd6e51aad88f6f4ce6ab8827279cfffb92266
  To:                  0x5fbdb2315678afecb367f032d93f642f64180aa3

  Error: Transaction reverted without a reason

[31meth_call[0m
  Contract call:       MockDAI#<unrecognized-selector>
  From:                0xf39fd6e51aad88f6f4ce6ab8827279cfffb92266
  To:                  0x5fbdb2315678afecb367f032d93f642f64180aa3

  Error: Transaction reverted without a reason

[31meth_call[0m
  Contract call:       NoLossLottery#<unrecognized-selector>
  From:                0xf39fd6e51aad88f6f4ce6ab8827279cfffb92266
  To:                  0x5fc8d32690cc91d4c39d9d3abcbd16989f875707

  Error: Transaction reverted without a reason

[31meth_call[0m
  Contract call:       MockDAI#<unrecognized-selector>
  From:                0xf39fd6e51aad88f6f4ce6ab8827279cfffb92266
  To:                  0x5fbdb2315678afecb367f032d93f642f64180aa3

  Error: Transaction reverted without a reason

[31meth_call[0m
  Contract call:       NoLossLottery#<unrecognized-selector>
  From:                0xf39fd6e51aad88f6f4ce6ab8827279cfffb92266
  To:                  0x5fc8d32690cc91d4c39d9d3abcbd16989f875707

  Error: Transaction reverted without a reason

[31meth_call[0m
  Contract call:       NoLossLottery#<unrecognized-selector>
  From:                0xf39fd6e51aad88f6f4ce6ab8827279cfffb92266
  To:                  0x5fc8d32690cc91d4c39d9d3abcbd16989f875707

  Error: Transaction reverted without a reason

[32meth_getStorageAt[0m
[32meth_getStorageAt (2)[0m
[32meth_getTransactionCount[0m
[31meth_call[0m
  Contract call:       MockDAI#<unrecognized-selector>
  From:                0xf39fd6e51aad88f6f4ce6ab8827279cfffb92266
  To:                  0x5fbdb2315678afecb367f032d93f642f64180aa3

  Error: Transaction reverted without a reason

[31meth_call[0m
  Contract call:       MockDAI#<unrecognized-selector>
  From:                0xf39fd6e51aad88f6f4ce6ab8827279cfffb92266
  To:                  0x5fbdb2315678afecb367f032d93f642f64180aa3

  Error: Transaction reverted without a reason

[31meth_call[0m
  Contract call:       MockDAI#<unrecognized-selector>
  From:                0xf39fd6e51aad88f6f4ce6ab8827279cfffb92266
  To:                  0x5fbdb2315678afecb367f032d93f642f64180aa3

  Error: Transaction reverted without a reason

[31meth_call[0m
  Contract call:       MockDAI#<unrecognized-selector>
  From:                0xf39fd6e51aad88f6f4ce6ab8827279cfffb92266
  To:                  0x5fbdb2315678afecb367f032d93f642f64180aa3

  Error: Transaction reverted without a reason

[31meth_call[0m
  Contract call:       MockDAI#<unrecognized-selector>
  From:                0xf39fd6e51aad88f6f4ce6ab8827279cfffb92266
  To:                  0x5fbdb2315678afecb367f032d93f642f64180aa3

  Error: Transaction reverted without a reason

[31meth_call[0m
  Contract call:       NoLossLottery#<unrecognized-selector>
  From:                0xf39fd6e51aad88f6f4ce6ab8827279cfffb92266
  To:                  0x5fc8d32690cc91d4c39d9d3abcbd16989f875707

  Error: Transaction reverted without a reason

[31meth_call[0m
  Contract call:       NoLossLottery#<unrecognized-selector>
  From:                0xf39fd6e51aad88f6f4ce6ab8827279cfffb92266
  To:                  0x5fc8d32690cc91d4c39d9d3abcbd16989f875707

  Error: Transaction reverted without a reason

[31meth_call[0m
  Contract call:       NoLossLottery#<unrecognized-selector>
  From:                0xf39fd6e51aad88f6f4ce6ab8827279cfffb92266
  To:                  0x5fc8d32690cc91d4c39d9d3abcbd16989f875707

  Error: Transaction reverted without a reason

[31meth_call[0m
  Contract call:       NoLossLottery#<unrecognized-selector>
  From:                0xf39fd6e51aad88f6f4ce6ab8827279cfffb92266
  To:                  0x5fc8d32690cc91d4c39d9d3abcbd16989f875707

  Error: Transaction reverted without a reason

[32meth_blockNumber[0m
[32meth_blockNumber (2)[0m
[32meth_blockNumber (3)[0m
[32meth_blockNumber (4)[0m
[32meth_blockNumber (5)[0m
[32meth_blockNumber (6)[0m
[31meth_call[0m
  Contract call:       MockDAI#<unrecognized-selector>
  From:                0xf39fd6e51aad88f6f4ce6ab8827279cfffb92266
  To:                  0x5fbdb2315678afecb367f032d93f642f64180aa3

  Error: Transaction reverted without a reason

[31meth_call[0m
  Contract call:       MockDAI#<unrecognized-selector>
  From:                0xf39fd6e51aad88f6f4ce6ab8827279cfffb92266
  To:                  0x5fbdb2315678afecb367f032d93f642f64180aa3

  Error: Transaction reverted without a reason

[32meth_blockNumber[0m
[31meth_call[0m
  Contract call:       MockDAI#<unrecognized-selector>
  From:                0xf39fd6e51aad88f6f4ce6ab8827279cfffb92266
  To:                  0x5fbdb2315678afecb367f032d93f642f64180aa3

  Error: Transaction reverted without a reason

[31meth_call[0m
  Contract call:       MockDAI#<unrecognized-selector>
  From:                0xf39fd6e51aad88f6f4ce6ab8827279cfffb92266
  To:                  0x5fbdb2315678afecb367f032d93f642f64180aa3

  Error: Transaction reverted without a reason

[32meth_blockNumber[0m
[31meth_call[0m
  Contract call:       MockDAI#<unrecognized-selector>
  From:                0xf39fd6e51aad88f6f4ce6ab8827279cfffb92266
  To:                  0x5fbdb2315678afecb367f032d93f642f64180aa3

  Error: Transaction reverted without a reason

[31meth_call[0m
  Contract call:       MockDAI#<unrecognized-selector>
  From:                0xf39fd6e51aad88f6f4ce6ab8827279cfffb92266
  To:                  0x5fbdb2315678afecb367f032d93f642f64180aa3

  Error: Transaction reverted without a reason

[31meth_call[0m
  Contract call:       MockDAI#<unrecognized-selector>
  From:                0xf39fd6e51aad88f6f4ce6ab8827279cfffb92266
  To:                  0x5fbdb2315678afecb367f032d93f642f64180aa3

  Error: Transaction reverted without a reason

[31meth_call[0m
  Contract call:       MockDAI#<unrecognized-selector>
  From:                0xf39fd6e51aad88f6f4ce6ab8827279cfffb92266
  To:                  0x5fbdb2315678afecb367f032d93f642f64180aa3

  Error: Transaction reverted without a reason

[31meth_call[0m
  Contract call:       MockDAI#<unrecognized-selector>
  From:                0xf39fd6e51aad88f6f4ce6ab8827279cfffb92266
  To:                  0x5fbdb2315678afecb367f032d93f642f64180aa3

  Error: Transaction reverted without a reason

[31meth_call[0m
  Contract call:       MockDAI#<unrecognized-selector>
  From:                0xf39fd6e51aad88f6f4ce6ab8827279cfffb92266
  To:                  0x5fbdb2315678afecb367f032d93f642f64180aa3

  Error: Transaction reverted without a reason

[31meth_call[0m
  Contract call:       MockDAI#<unrecognized-selector>
  From:                0xf39fd6e51aad88f6f4ce6ab8827279cfffb92266
  To:                  0x5fbdb2315678afecb367f032d93f642f64180aa3

  Error: Transaction reverted without a reason

[31meth_call[0m
  Contract call:       MockDAI#<unrecognized-selector>
  From:                0xf39fd6e51aad88f6f4ce6ab8827279cfffb92266
  To:                  0x5fbdb2315678afecb367f032d93f642f64180aa3

  Error: Transaction reverted without a reason

[31meth_call[0m
  Contract call:       MockDAI#<unrecognized-selector>
  From:                0xf39fd6e51aad88f6f4ce6ab8827279cfffb92266
  To:                  0x5fbdb2315678afecb367f032d93f642f64180aa3

  Error: Transaction reverted without a reason

[31meth_call[0m
  Contract call:       MockDAI#<unrecognized-selector>
  From:                0xf39fd6e51aad88f6f4ce6ab8827279cfffb92266
  To:                  0x5fbdb2315678afecb367f032d93f642f64180aa3

  Error: Transaction reverted without a reason

[31meth_call[0m
  Contract call:       MockDAI#<unrecognized-selector>
  From:                0xf39fd6e51aad88f6f4ce6ab8827279cfffb92266
  To:                  0x5fbdb2315678afecb367f032d93f642f64180aa3

  Error: Transaction reverted without a reason

[31meth_call[0m
  Contract call:       MockDAI#<unrecognized-selector>
  From:                0xf39fd6e51aad88f6f4ce6ab8827279cfffb92266
  To:                  0x5fbdb2315678afecb367f032d93f642f64180aa3

  Error: Transaction reverted without a reason

[31meth_call[0m
  Contract call:       NoLossLottery#<unrecognized-selector>
  From:                0xf39fd6e51aad88f6f4ce6ab8827279cfffb92266
  To:                  0x5fc8d32690cc91d4c39d9d3abcbd16989f875707

  Error: Transaction reverted without a reason

[31meth_call[0m
  Contract call:       MockDAI#<unrecognized-selector>
  From:                0xf39fd6e51aad88f6f4ce6ab8827279cfffb92266
  To:                  0x5fbdb2315678afecb367f032d93f642f64180aa3

  Error: Transaction reverted without a reason

[31meth_call[0m
  Contract call:       MockDAI#<unrecognized-selector>
  From:                0xf39fd6e51aad88f6f4ce6ab8827279cfffb92266
  To:                  0x5fbdb2315678afecb367f032d93f642f64180aa3

  Error: Transaction reverted without a reason

[31meth_call[0m
  Contract call:       NoLossLottery#<unrecognized-selector>
  From:                0xf39fd6e51aad88f6f4ce6ab8827279cfffb92266
  To:                  0x5fc8d32690cc91d4c39d9d3abcbd16989f875707

  Error: Transaction reverted without a reason

[31meth_call[0m
  Contract call:       MockDAI#<unrecognized-selector>
  From:                0xf39fd6e51aad88f6f4ce6ab8827279cfffb92266
  To:                  0x5fbdb2315678afecb367f032d93f642f64180aa3

  Error: Transaction reverted without a reason

[31meth_call[0m
  Contract call:       NoLossLottery#<unrecognized-selector>
  From:                0xf39fd6e51aad88f6f4ce6ab8827279cfffb92266
  To:                  0x5fc8d32690cc91d4c39d9d3abcbd16989f875707

  Error: Transaction reverted without a reason

[31meth_call[0m
  Contract call:       NoLossLottery#<unrecognized-selector>
  From:                0xf39fd6e51aad88f6f4ce6ab8827279cfffb92266
  To:                  0x5fc8d32690cc91d4c39d9d3abcbd16989f875707

  Error: Transaction reverted without a reason

[31meth_call[0m
  Contract call:       MockDAI#<unrecognized-selector>
  From:                0xf39fd6e51aad88f6f4ce6ab8827279cfffb92266
  To:                  0x5fbdb2315678afecb367f032d93f642f64180aa3

  Error: Transaction reverted without a reason

[31meth_call[0m
  Contract call:       MockDAI#<unrecognized-selector>
  From:                0xf39fd6e51aad88f6f4ce6ab8827279cfffb92266
  To:                  0x5fbdb2315678afecb367f032d93f642f64180aa3

  Error: Transaction reverted without a reason

[31meth_call[0m
  Contract call:       MockDAI#<unrecognized-selector>
  From:                0xf39fd6e51aad88f6f4ce6ab8827279cfffb92266
  To:                  0x5fbdb2315678afecb367f032d93f642f64180aa3

  Error: Transaction reverted without a reason

[31meth_call[0m
  Contract call:       MockDAI#<unrecognized-selector>
  From:                0xf39fd6e51aad88f6f4ce6ab8827279cfffb92266
  To:                  0x5fbdb2315678afecb367f032d93f642f64180aa3

  Error: Transaction reverted without a reason

[31meth_call[0m
  Contract call:       NoLossLottery#<unrecognized-selector>
  From:                0xf39fd6e51aad88f6f4ce6ab8827279cfffb92266
  To:                  0x5fc8d32690cc91d4c39d9d3abcbd16989f875707

  Error: Transaction reverted without a reason

[31meth_call[0m
  Contract call:       NoLossLottery#<unrecognized-selector>
  From:                0xf39fd6e51aad88f6f4ce6ab8827279cfffb92266
  To:                  0x5fc8d32690cc91d4c39d9d3abcbd16989f875707

  Error: Transaction reverted without a reason

[31meth_call[0m
  Contract call:       NoLossLottery#<unrecognized-selector>
  From:                0xf39fd6e51aad88f6f4ce6ab8827279cfffb92266
  To:                  0x5fc8d32690cc91d4c39d9d3abcbd16989f875707

  Error: Transaction reverted without a reason

[31meth_call[0m
  Contract call:       NoLossLottery#<unrecognized-selector>
  From:                0xf39fd6e51aad88f6f4ce6ab8827279cfffb92266
  To:                  0x5fc8d32690cc91d4c39d9d3abcbd16989f875707

  Error: Transaction reverted without a reason

[32meth_blockNumber[0m
[32meth_blockNumber (2)[0m
[32meth_blockNumber (3)[0m
[32meth_blockNumber (4)[0m
[32meth_blockNumber (5)[0m
[32meth_sendRawTransaction[0m
  Contract call:       MockDAI#approve
  Transaction:         0x8ae424a57aba17b7fc76cc9bc450f252fdf870a55f7f0fcdeab141b82672e98e
  From:                0x70997970c51812dc3a010c7d01b50e0d17dc79c8
  To:                  0x5fbdb2315678afecb367f032d93f642f64180aa3
  Value:               0 ETH
  Gas used:            46706 of 46706
  Block #10:           0xb410057eda136e74d774afaeb79dd37cdd372f0d99f1daac6d294c8fc6fea811

[31meth_call[0m
  Contract call:       MockDAI#<unrecognized-selector>
  From:                0xf39fd6e51aad88f6f4ce6ab8827279cfffb92266
  To:                  0x5fbdb2315678afecb367f032d93f642f64180aa3

  Error: Transaction reverted without a reason

[32meth_getTransactionReceipt[0m
[31meth_call[0m
  Contract call:       MockDAI#<unrecognized-selector>
  From:                0xf39fd6e51aad88f6f4ce6ab8827279cfffb92266
  To:                  0x5fbdb2315678afecb367f032d93f642f64180aa3

  Error: Transaction reverted without a reason

[32meth_blockNumber[0m
[32meth_call[0m
  Contract call:       MockDAI#symbol
  From:                0xf39fd6e51aad88f6f4ce6ab8827279cfffb92266
  To:                  0x5fbdb2315678afecb367f032d93f642f64180aa3

[32meth_call[0m
  Contract call:       MockDAI#decimals
  From:                0xf39fd6e51aad88f6f4ce6ab8827279cfffb92266
  To:                  0x5fbdb2315678afecb367f032d93f642f64180aa3

[32meth_gasPrice[0m
[32meth_call[0m
  Contract call:       NoLossLottery#getPoolSize
  From:                0x70997970c51812dc3a010c7d01b50e0d17dc79c8
  To:                  0x5fc8d32690cc91d4c39d9d3abcbd16989f875707

[32meth_call[0m
  Contract call:       NoLossLottery#currentRound
  From:                0x70997970c51812dc3a010c7d01b50e0d17dc79c8
  To:                  0x5fc8d32690cc91d4c39d9d3abcbd16989f875707

[32meth_call[0m
  Contract call:       NoLossLottery#userDeposits
  From:                0x70997970c51812dc3a010c7d01b50e0d17dc79c8
  To:                  0x5fc8d32690cc91d4c39d9d3abcbd16989f875707

[32meth_call[0m
  Contract call:       NoLossLottery#totalDeposits
  From:                0x70997970c51812dc3a010c7d01b50e0d17dc79c8
  To:                  0x5fc8d32690cc91d4c39d9d3abcbd16989f875707

[32meth_call[0m
  Contract call:       NoLossLottery#userPrizes
  From:                0x70997970c51812dc3a010c7d01b50e0d17dc79c8
  To:                  0x5fc8d32690cc91d4c39d9d3abcbd16989f875707

[32meth_call[0m
  Contract call:       NoLossLottery#getCurrentYield
  From:                0x70997970c51812dc3a010c7d01b50e0d17dc79c8
  To:                  0x5fc8d32690cc91d4c39d9d3abcbd16989f875707

[32meth_call[0m
  Contract call:       NoLossLottery#getUserOdds
  From:                0x70997970c51812dc3a010c7d01b50e0d17dc79c8
  To:                  0x5fc8d32690cc91d4c39d9d3abcbd16989f875707

[32meth_call[0m
  Contract call:       NoLossLottery#getDepositorCount
  From:                0x70997970c51812dc3a010c7d01b50e0d17dc79c8
  To:                  0x5fc8d32690cc91d4c39d9d3abcbd16989f875707

[32meth_call[0m
  Contract call:       MockDAI#balanceOf
  From:                0x70997970c51812dc3a010c7d01b50e0d17dc79c8
  To:                  0x5fbdb2315678afecb367f032d93f642f64180aa3

[32meth_call[0m
  Contract call:       NoLossLottery#getTimeUntilRoundEnd
  From:                0x70997970c51812dc3a010c7d01b50e0d17dc79c8
  To:                  0x5fc8d32690cc91d4c39d9d3abcbd16989f875707

[32meth_getTransactionReceipt[0m
[32meth_getBlockByHash[0m
[32meth_blockNumber[0m
[31meth_call[0m
  Contract call:       MockDAI#<unrecognized-selector>
  From:                0xf39fd6e51aad88f6f4ce6ab8827279cfffb92266
  To:                  0x5fbdb2315678afecb367f032d93f642f64180aa3

  Error: Transaction reverted without a reason

[32meth_getBalance[0m
[32meth_blockNumber[0m
[31meth_call[0m
  Contract call:       MockDAI#<unrecognized-selector>
  From:                0xf39fd6e51aad88f6f4ce6ab8827279cfffb92266
  To:                  0x5fbdb2315678afecb367f032d93f642f64180aa3

  Error: Transaction reverted without a reason

[32meth_blockNumber[0m
[32meth_estimateGas[0m
[32meth_getCode[0m
[32meth_getCode (2)[0m
[32meth_blockNumber[0m
[31meth_call[0m
  Contract call:       NoLossLottery#<unrecognized-selector>
  From:                0xf39fd6e51aad88f6f4ce6ab8827279cfffb92266
  To:                  0x5fc8d32690cc91d4c39d9d3abcbd16989f875707

  Error: Transaction reverted without a reason

[31meth_call[0m
  Contract call:       NoLossLottery#<unrecognized-selector>
  From:                0xf39fd6e51aad88f6f4ce6ab8827279cfffb92266
  To:                  0x5fc8d32690cc91d4c39d9d3abcbd16989f875707

  Error: Transaction reverted without a reason

[31meth_call[0m
  Contract call:       NoLossLottery#<unrecognized-selector>
  From:                0xf39fd6e51aad88f6f4ce6ab8827279cfffb92266
  To:                  0x5fc8d32690cc91d4c39d9d3abcbd16989f875707

  Error: Transaction reverted without a reason

[31meth_call[0m
  Contract call:       NoLossLottery#<unrecognized-selector>
  From:                0xf39fd6e51aad88f6f4ce6ab8827279cfffb92266
  To:                  0x5fc8d32690cc91d4c39d9d3abcbd16989f875707

  Error: Transaction reverted without a reason

[32meth_blockNumber[0m
[32meth_getBlockByNumber[0m
[31meth_call[0m
  Contract call:       NoLossLottery#<unrecognized-selector>
  From:                0xf39fd6e51aad88f6f4ce6ab8827279cfffb92266
  To:                  0x5fc8d32690cc91d4c39d9d3abcbd16989f875707

  Error: Transaction reverted without a reason

[31meth_call[0m
  Contract call:       NoLossLottery#<unrecognized-selector>
  From:                0xf39fd6e51aad88f6f4ce6ab8827279cfffb92266
  To:                  0x5fc8d32690cc91d4c39d9d3abcbd16989f875707

  Error: Transaction reverted without a reason

[31meth_call[0m
  Contract call:       NoLossLottery#<unrecognized-selector>
  From:                0xf39fd6e51aad88f6f4ce6ab8827279cfffb92266
  To:                  0x5fc8d32690cc91d4c39d9d3abcbd16989f875707

  Error: Transaction reverted without a reason

[31meth_call[0m
  Contract call:       NoLossLottery#<unrecognized-selector>
  From:                0xf39fd6e51aad88f6f4ce6ab8827279cfffb92266
  To:                  0x5fc8d32690cc91d4c39d9d3abcbd16989f875707

  Error: Transaction reverted without a reason

[31meth_call[0m
  Contract call:       NoLossLottery#<unrecognized-selector>
  From:                0xf39fd6e51aad88f6f4ce6ab8827279cfffb92266
  To:                  0x5fc8d32690cc91d4c39d9d3abcbd16989f875707

  Error: Transaction reverted without a reason

[31meth_call[0m
  Contract call:       NoLossLottery#<unrecognized-selector>
  From:                0xf39fd6e51aad88f6f4ce6ab8827279cfffb92266
  To:                  0x5fc8d32690cc91d4c39d9d3abcbd16989f875707

  Error: Transaction reverted without a reason

[31meth_call[0m
  Contract call:       NoLossLottery#<unrecognized-selector>
  From:                0xf39fd6e51aad88f6f4ce6ab8827279cfffb92266
  To:                  0x5fc8d32690cc91d4c39d9d3abcbd16989f875707

  Error: Transaction reverted without a reason

[31meth_call[0m
  Contract call:       NoLossLottery#<unrecognized-selector>
  From:                0xf39fd6e51aad88f6f4ce6ab8827279cfffb92266
  To:                  0x5fc8d32690cc91d4c39d9d3abcbd16989f875707

  Error: Transaction reverted without a reason

[31meth_call[0m
  Contract call:       NoLossLottery#<unrecognized-selector>
  From:                0xf39fd6e51aad88f6f4ce6ab8827279cfffb92266
  To:                  0x5fc8d32690cc91d4c39d9d3abcbd16989f875707

  Error: Transaction reverted without a reason

[31meth_call[0m
  Contract call:       NoLossLottery#<unrecognized-selector>
  From:                0xf39fd6e51aad88f6f4ce6ab8827279cfffb92266
  To:                  0x5fc8d32690cc91d4c39d9d3abcbd16989f875707

  Error: Transaction reverted without a reason

[31meth_call[0m
  Contract call:       NoLossLottery#<unrecognized-selector>
  From:                0xf39fd6e51aad88f6f4ce6ab8827279cfffb92266
  To:                  0x5fc8d32690cc91d4c39d9d3abcbd16989f875707

  Error: Transaction reverted without a reason

[31meth_call[0m
  Contract call:       NoLossLottery#<unrecognized-selector>
  From:                0xf39fd6e51aad88f6f4ce6ab8827279cfffb92266
  To:                  0x5fc8d32690cc91d4c39d9d3abcbd16989f875707

  Error: Transaction reverted without a reason

[31meth_call[0m
  Contract call:       NoLossLottery#<unrecognized-selector>
  From:                0xf39fd6e51aad88f6f4ce6ab8827279cfffb92266
  To:                  0x5fc8d32690cc91d4c39d9d3abcbd16989f875707

  Error: Transaction reverted without a reason

[31meth_call[0m
  Contract call:       NoLossLottery#<unrecognized-selector>
  From:                0xf39fd6e51aad88f6f4ce6ab8827279cfffb92266
  To:                  0x5fc8d32690cc91d4c39d9d3abcbd16989f875707

  Error: Transaction reverted without a reason

[31meth_call[0m
  Contract call:       NoLossLottery#<unrecognized-selector>
  From:                0xf39fd6e51aad88f6f4ce6ab8827279cfffb92266
  To:                  0x5fc8d32690cc91d4c39d9d3abcbd16989f875707

  Error: Transaction reverted without a reason

[31meth_call[0m
  Contract call:       NoLossLottery#<unrecognized-selector>
  From:                0xf39fd6e51aad88f6f4ce6ab8827279cfffb92266
  To:                  0x5fc8d32690cc91d4c39d9d3abcbd16989f875707

  Error: Transaction reverted without a reason

[31meth_call[0m
  Contract call:       NoLossLottery#<unrecognized-selector>
  From:                0xf39fd6e51aad88f6f4ce6ab8827279cfffb92266
  To:                  0x5fc8d32690cc91d4c39d9d3abcbd16989f875707

  Error: Transaction reverted without a reason

[31meth_call[0m
  Contract call:       NoLossLottery#<unrecognized-selector>
  From:                0xf39fd6e51aad88f6f4ce6ab8827279cfffb92266
  To:                  0x5fc8d32690cc91d4c39d9d3abcbd16989f875707

  Error: Transaction reverted without a reason

[32meth_getStorageAt[0m
[32meth_getStorageAt (2)[0m
[32meth_getTransactionCount[0m
[32meth_blockNumber[0m
[32meth_blockNumber (2)[0m
[32meth_blockNumber (3)[0m
[32meth_sendRawTransaction[0m
  Contract call:       NoLossLottery#deposit
  Transaction:         0x6b0c2e3b320f987f14d6aab174e8a47fe2fb1894e3f592caa08018207e46cdf1
  From:                0x70997970c51812dc3a010c7d01b50e0d17dc79c8
  To:                  0x5fc8d32690cc91d4c39d9d3abcbd16989f875707
  Value:               0 ETH
  Gas used:            233543 of 279157
  Block #11:           0xd1be558e61b50997b82c422183ee13b1c41f04b0381d350618af41e9ba217a74

[31meth_call[0m
  Contract call:       NoLossLottery#<unrecognized-selector>
  From:                0xf39fd6e51aad88f6f4ce6ab8827279cfffb92266
  To:                  0x5fc8d32690cc91d4c39d9d3abcbd16989f875707

  Error: Transaction reverted without a reason

[32meth_getTransactionReceipt[0m
[31meth_call[0m
  Contract call:       NoLossLottery#<unrecognized-selector>
  From:                0xf39fd6e51aad88f6f4ce6ab8827279cfffb92266
  To:                  0x5fc8d32690cc91d4c39d9d3abcbd16989f875707

  Error: Transaction reverted without a reason

[32meth_blockNumber[0m
[31meth_call[0m
  Contract call:       NoLossLottery#<unrecognized-selector>
  From:                0xf39fd6e51aad88f6f4ce6ab8827279cfffb92266
  To:                  0x5fc8d32690cc91d4c39d9d3abcbd16989f875707

  Error: Transaction reverted without a reason

[31meth_call[0m
  Contract call:       NoLossLottery#<unrecognized-selector>
  From:                0xf39fd6e51aad88f6f4ce6ab8827279cfffb92266
  To:                  0x5fc8d32690cc91d4c39d9d3abcbd16989f875707

  Error: Transaction reverted without a reason

[32meth_call[0m
  Contract call:       NoLossLottery#getPoolSize
  From:                0x70997970c51812dc3a010c7d01b50e0d17dc79c8
  To:                  0x5fc8d32690cc91d4c39d9d3abcbd16989f875707

[32meth_gasPrice[0m
[32meth_call[0m
  Contract call:       NoLossLottery#totalDeposits
  From:                0x70997970c51812dc3a010c7d01b50e0d17dc79c8
  To:                  0x5fc8d32690cc91d4c39d9d3abcbd16989f875707

[32meth_call[0m
  Contract call:       NoLossLottery#getCurrentYield
  From:                0x70997970c51812dc3a010c7d01b50e0d17dc79c8
  To:                  0x5fc8d32690cc91d4c39d9d3abcbd16989f875707

[32meth_call[0m
  Contract call:       NoLossLottery#currentRound
  From:                0x70997970c51812dc3a010c7d01b50e0d17dc79c8
  To:                  0x5fc8d32690cc91d4c39d9d3abcbd16989f875707

[32meth_call[0m
  Contract call:       NoLossLottery#getDepositorCount
  From:                0x70997970c51812dc3a010c7d01b50e0d17dc79c8
  To:                  0x5fc8d32690cc91d4c39d9d3abcbd16989f875707

[32meth_call[0m
  Contract call:       NoLossLottery#getTimeUntilRoundEnd
  From:                0x70997970c51812dc3a010c7d01b50e0d17dc79c8
  To:                  0x5fc8d32690cc91d4c39d9d3abcbd16989f875707

[32meth_call[0m
  Contract call:       NoLossLottery#userDeposits
  From:                0x70997970c51812dc3a010c7d01b50e0d17dc79c8
  To:                  0x5fc8d32690cc91d4c39d9d3abcbd16989f875707

[32meth_call[0m
  Contract call:       NoLossLottery#userPrizes
  From:                0x70997970c51812dc3a010c7d01b50e0d17dc79c8
  To:                  0x5fc8d32690cc91d4c39d9d3abcbd16989f875707

[32meth_call[0m
  Contract call:       NoLossLottery#getUserOdds
  From:                0x70997970c51812dc3a010c7d01b50e0d17dc79c8
  To:                  0x5fc8d32690cc91d4c39d9d3abcbd16989f875707

[32meth_call[0m
  Contract call:       MockDAI#balanceOf
  From:                0x70997970c51812dc3a010c7d01b50e0d17dc79c8
  To:                  0x5fbdb2315678afecb367f032d93f642f64180aa3

[32meth_getTransactionReceipt[0m
[32meth_getBlockByHash[0m
[32meth_blockNumber[0m
[31meth_call[0m
  Contract call:       NoLossLottery#<unrecognized-selector>
  From:                0xf39fd6e51aad88f6f4ce6ab8827279cfffb92266
  To:                  0x5fc8d32690cc91d4c39d9d3abcbd16989f875707

  Error: Transaction reverted without a reason

[32meth_getBalance[0m
[32meth_blockNumber[0m
[31meth_call[0m
  Contract call:       NoLossLottery#<unrecognized-selector>
  From:                0xf39fd6e51aad88f6f4ce6ab8827279cfffb92266
  To:                  0x5fc8d32690cc91d4c39d9d3abcbd16989f875707

  Error: Transaction reverted without a reason

[31meth_call[0m
  Contract call:       NoLossLottery#<unrecognized-selector>
  From:                0xf39fd6e51aad88f6f4ce6ab8827279cfffb92266
  To:                  0x5fc8d32690cc91d4c39d9d3abcbd16989f875707

  Error: Transaction reverted without a reason

[31meth_call[0m
  Contract call:       NoLossLottery#<unrecognized-selector>
  From:                0xf39fd6e51aad88f6f4ce6ab8827279cfffb92266
  To:                  0x5fc8d32690cc91d4c39d9d3abcbd16989f875707

  Error: Transaction reverted without a reason

[32meth_blockNumber[0m
[32meth_blockNumber (2)[0m
[32meth_blockNumber (3)[0m
[32meth_blockNumber (4)[0m
[32meth_blockNumber (5)[0m
[32meth_blockNumber (6)[0m
[32meth_blockNumber (7)[0m
[32meth_blockNumber (8)[0m
[32meth_blockNumber (9)[0m
[32meth_blockNumber (10)[0m
[32meth_blockNumber (11)[0m
[32meth_blockNumber (12)[0m
[32meth_blockNumber (13)[0m
[32meth_blockNumber (14)[0m
[32meth_blockNumber (15)[0m
[32meth_blockNumber (16)[0m
[32meth_blockNumber (17)[0m
[32meth_blockNumber (18)[0m
[32meth_blockNumber (19)[0m
[32meth_blockNumber (20)[0m
[32meth_estimateGas[0m
[32meth_getCode[0m
[32meth_getCode (2)[0m
[32meth_blockNumber[0m
[31meth_call[0m
  Contract call:       NoLossLottery#<unrecognized-selector>
  From:                0xf39fd6e51aad88f6f4ce6ab8827279cfffb92266
  To:                  0x5fc8d32690cc91d4c39d9d3abcbd16989f875707

  Error: Transaction reverted without a reason

[31meth_call[0m
  Contract call:       NoLossLottery#<unrecognized-selector>
  From:                0xf39fd6e51aad88f6f4ce6ab8827279cfffb92266
  To:                  0x5fc8d32690cc91d4c39d9d3abcbd16989f875707

  Error: Transaction reverted without a reason

[31meth_call[0m
  Contract call:       NoLossLottery#<unrecognized-selector>
  From:                0xf39fd6e51aad88f6f4ce6ab8827279cfffb92266
  To:                  0x5fc8d32690cc91d4c39d9d3abcbd16989f875707

  Error: Transaction reverted without a reason

[31meth_call[0m
  Contract call:       NoLossLottery#<unrecognized-selector>
  From:                0xf39fd6e51aad88f6f4ce6ab8827279cfffb92266
  To:                  0x5fc8d32690cc91d4c39d9d3abcbd16989f875707

  Error: Transaction reverted without a reason

[32meth_blockNumber[0m
[32meth_getBlockByNumber[0m
[31meth_call[0m
  Contract call:       NoLossLottery#<unrecognized-selector>
  From:                0xf39fd6e51aad88f6f4ce6ab8827279cfffb92266
  To:                  0x5fc8d32690cc91d4c39d9d3abcbd16989f875707

  Error: Transaction reverted without a reason

[31meth_call[0m
  Contract call:       NoLossLottery#<unrecognized-selector>
  From:                0xf39fd6e51aad88f6f4ce6ab8827279cfffb92266
  To:                  0x5fc8d32690cc91d4c39d9d3abcbd16989f875707

  Error: Transaction reverted without a reason

[31meth_call[0m
  Contract call:       NoLossLottery#<unrecognized-selector>
  From:                0xf39fd6e51aad88f6f4ce6ab8827279cfffb92266
  To:                  0x5fc8d32690cc91d4c39d9d3abcbd16989f875707

  Error: Transaction reverted without a reason

[31meth_call[0m
  Contract call:       NoLossLottery#<unrecognized-selector>
  From:                0xf39fd6e51aad88f6f4ce6ab8827279cfffb92266
  To:                  0x5fc8d32690cc91d4c39d9d3abcbd16989f875707

  Error: Transaction reverted without a reason

[31meth_call[0m
  Contract call:       NoLossLottery#<unrecognized-selector>
  From:                0xf39fd6e51aad88f6f4ce6ab8827279cfffb92266
  To:                  0x5fc8d32690cc91d4c39d9d3abcbd16989f875707

  Error: Transaction reverted without a reason

[31meth_call[0m
  Contract call:       NoLossLottery#<unrecognized-selector>
  From:                0xf39fd6e51aad88f6f4ce6ab8827279cfffb92266
  To:                  0x5fc8d32690cc91d4c39d9d3abcbd16989f875707

  Error: Transaction reverted without a reason

[31meth_call[0m
  Contract call:       NoLossLottery#<unrecognized-selector>
  From:                0xf39fd6e51aad88f6f4ce6ab8827279cfffb92266
  To:                  0x5fc8d32690cc91d4c39d9d3abcbd16989f875707

  Error: Transaction reverted without a reason

[31meth_call[0m
  Contract call:       NoLossLottery#<unrecognized-selector>
  From:                0xf39fd6e51aad88f6f4ce6ab8827279cfffb92266
  To:                  0x5fc8d32690cc91d4c39d9d3abcbd16989f875707

  Error: Transaction reverted without a reason

[31meth_call[0m
  Contract call:       NoLossLottery#<unrecognized-selector>
  From:                0xf39fd6e51aad88f6f4ce6ab8827279cfffb92266
  To:                  0x5fc8d32690cc91d4c39d9d3abcbd16989f875707

  Error: Transaction reverted without a reason

[31meth_call[0m
  Contract call:       NoLossLottery#<unrecognized-selector>
  From:                0xf39fd6e51aad88f6f4ce6ab8827279cfffb92266
  To:                  0x5fc8d32690cc91d4c39d9d3abcbd16989f875707

  Error: Transaction reverted without a reason

[31meth_call[0m
  Contract call:       NoLossLottery#<unrecognized-selector>
  From:                0xf39fd6e51aad88f6f4ce6ab8827279cfffb92266
  To:                  0x5fc8d32690cc91d4c39d9d3abcbd16989f875707

  Error: Transaction reverted without a reason

[31meth_call[0m
  Contract call:       NoLossLottery#<unrecognized-selector>
  From:                0xf39fd6e51aad88f6f4ce6ab8827279cfffb92266
  To:                  0x5fc8d32690cc91d4c39d9d3abcbd16989f875707

  Error: Transaction reverted without a reason

[31meth_call[0m
  Contract call:       NoLossLottery#<unrecognized-selector>
  From:                0xf39fd6e51aad88f6f4ce6ab8827279cfffb92266
  To:                  0x5fc8d32690cc91d4c39d9d3abcbd16989f875707

  Error: Transaction reverted without a reason

[31meth_call[0m
  Contract call:       NoLossLottery#<unrecognized-selector>
  From:                0xf39fd6e51aad88f6f4ce6ab8827279cfffb92266
  To:                  0x5fc8d32690cc91d4c39d9d3abcbd16989f875707

  Error: Transaction reverted without a reason

[31meth_call[0m
  Contract call:       NoLossLottery#<unrecognized-selector>
  From:                0xf39fd6e51aad88f6f4ce6ab8827279cfffb92266
  To:                  0x5fc8d32690cc91d4c39d9d3abcbd16989f875707

  Error: Transaction reverted without a reason

[31meth_call[0m
  Contract call:       NoLossLottery#<unrecognized-selector>
  From:                0xf39fd6e51aad88f6f4ce6ab8827279cfffb92266
  To:                  0x5fc8d32690cc91d4c39d9d3abcbd16989f875707

  Error: Transaction reverted without a reason

[31meth_call[0m
  Contract call:       NoLossLottery#<unrecognized-selector>
  From:                0xf39fd6e51aad88f6f4ce6ab8827279cfffb92266
  To:                  0x5fc8d32690cc91d4c39d9d3abcbd16989f875707

  Error: Transaction reverted without a reason

[31meth_call[0m
  Contract call:       NoLossLottery#<unrecognized-selector>
  From:                0xf39fd6e51aad88f6f4ce6ab8827279cfffb92266
  To:                  0x5fc8d32690cc91d4c39d9d3abcbd16989f875707

  Error: Transaction reverted without a reason

[32meth_getStorageAt[0m
[32meth_getStorageAt (2)[0m
[32meth_getTransactionCount[0m
[32meth_blockNumber[0m
[32meth_sendRawTransaction[0m
  Contract call:       NoLossLottery#withdraw
  Transaction:         0xcc2da6f069ccb8051d8706fc8631530b98752870ac2fa116529e512eff8a2780
  From:                0x70997970c51812dc3a010c7d01b50e0d17dc79c8
  To:                  0x5fc8d32690cc91d4c39d9d3abcbd16989f875707
  Value:               0 ETH
  Gas used:            76578 of 98116
  Block #12:           0x152ce84798bacf93e741849f76a06a44652f698060a4704b0d10af2d7afe97c6

[31meth_call[0m
  Contract call:       NoLossLottery#<unrecognized-selector>
  From:                0xf39fd6e51aad88f6f4ce6ab8827279cfffb92266
  To:                  0x5fc8d32690cc91d4c39d9d3abcbd16989f875707

  Error: Transaction reverted without a reason

[32meth_getTransactionReceipt[0m
[31meth_call[0m
  Contract call:       NoLossLottery#<unrecognized-selector>
  From:                0xf39fd6e51aad88f6f4ce6ab8827279cfffb92266
  To:                  0x5fc8d32690cc91d4c39d9d3abcbd16989f875707

  Error: Transaction reverted without a reason

[32meth_blockNumber[0m
[31meth_call[0m
  Contract call:       NoLossLottery#<unrecognized-selector>
  From:                0xf39fd6e51aad88f6f4ce6ab8827279cfffb92266
  To:                  0x5fc8d32690cc91d4c39d9d3abcbd16989f875707

  Error: Transaction reverted without a reason

[31meth_call[0m
  Contract call:       NoLossLottery#<unrecognized-selector>
  From:                0xf39fd6e51aad88f6f4ce6ab8827279cfffb92266
  To:                  0x5fc8d32690cc91d4c39d9d3abcbd16989f875707

  Error: Transaction reverted without a reason

[32meth_gasPrice[0m
[32meth_call[0m
  Contract call:       NoLossLottery#getPoolSize
  From:                0x70997970c51812dc3a010c7d01b50e0d17dc79c8
  To:                  0x5fc8d32690cc91d4c39d9d3abcbd16989f875707

[32meth_call[0m
  Contract call:       NoLossLottery#totalDeposits
  From:                0x70997970c51812dc3a010c7d01b50e0d17dc79c8
  To:                  0x5fc8d32690cc91d4c39d9d3abcbd16989f875707

[32meth_call[0m
  Contract call:       NoLossLottery#getCurrentYield
  From:                0x70997970c51812dc3a010c7d01b50e0d17dc79c8
  To:                  0x5fc8d32690cc91d4c39d9d3abcbd16989f875707

[32meth_call[0m
  Contract call:       NoLossLottery#currentRound
  From:                0x70997970c51812dc3a010c7d01b50e0d17dc79c8
  To:                  0x5fc8d32690cc91d4c39d9d3abcbd16989f875707

[32meth_call[0m
  Contract call:       NoLossLottery#getDepositorCount
  From:                0x70997970c51812dc3a010c7d01b50e0d17dc79c8
  To:                  0x5fc8d32690cc91d4c39d9d3abcbd16989f875707

[32meth_call[0m
  Contract call:       NoLossLottery#getTimeUntilRoundEnd
  From:                0x70997970c51812dc3a010c7d01b50e0d17dc79c8
  To:                  0x5fc8d32690cc91d4c39d9d3abcbd16989f875707

[32meth_call[0m
  Contract call:       NoLossLottery#userDeposits
  From:                0x70997970c51812dc3a010c7d01b50e0d17dc79c8
  To:                  0x5fc8d32690cc91d4c39d9d3abcbd16989f875707

[32meth_call[0m
  Contract call:       NoLossLottery#userPrizes
  From:                0x70997970c51812dc3a010c7d01b50e0d17dc79c8
  To:                  0x5fc8d32690cc91d4c39d9d3abcbd16989f875707

[32meth_call[0m
  Contract call:       NoLossLottery#getUserOdds
  From:                0x70997970c51812dc3a010c7d01b50e0d17dc79c8
  To:                  0x5fc8d32690cc91d4c39d9d3abcbd16989f875707

[32meth_call[0m
  Contract call:       MockDAI#balanceOf
  From:                0x70997970c51812dc3a010c7d01b50e0d17dc79c8
  To:                  0x5fbdb2315678afecb367f032d93f642f64180aa3

[32meth_getTransactionReceipt[0m
[32meth_getBlockByHash[0m
[32meth_blockNumber[0m
[31meth_call[0m
  Contract call:       NoLossLottery#<unrecognized-selector>
  From:                0xf39fd6e51aad88f6f4ce6ab8827279cfffb92266
  To:                  0x5fc8d32690cc91d4c39d9d3abcbd16989f875707

  Error: Transaction reverted without a reason

[32meth_getBalance[0m
[32meth_blockNumber[0m
[31meth_call[0m
  Contract call:       NoLossLottery#<unrecognized-selector>
  From:                0xf39fd6e51aad88f6f4ce6ab8827279cfffb92266
  To:                  0x5fc8d32690cc91d4c39d9d3abcbd16989f875707

  Error: Transaction reverted without a reason

[31meth_call[0m
  Contract call:       NoLossLottery#<unrecognized-selector>
  From:                0xf39fd6e51aad88f6f4ce6ab8827279cfffb92266
  To:                  0x5fc8d32690cc91d4c39d9d3abcbd16989f875707

  Error: Transaction reverted without a reason

[31meth_call[0m
  Contract call:       NoLossLottery#<unrecognized-selector>
  From:                0xf39fd6e51aad88f6f4ce6ab8827279cfffb92266
  To:                  0x5fc8d32690cc91d4c39d9d3abcbd16989f875707

  Error: Transaction reverted without a reason

[32meth_blockNumber[0m
[32meth_blockNumber (2)[0m
[31meth_estimateGas[0m
  Contract call:       NoLossLottery#simulateYield
  From:                0x70997970c51812dc3a010c7d01b50e0d17dc79c8
  To:                  0x5fc8d32690cc91d4c39d9d3abcbd16989f875707
  Value:               0 ETH

  Error: VM Exception while processing transaction: reverted with an unrecognized custom error (return data: 0x118cdaa700000000000000000000000070997970c51812dc3a010c7d01b50e0d17dc79c8)

[32meth_blockNumber[0m
[31meth_estimateGas[0m
  Contract call:       NoLossLottery#simulateYield
  From:                0x70997970c51812dc3a010c7d01b50e0d17dc79c8
  To:                  0x5fc8d32690cc91d4c39d9d3abcbd16989f875707
  Value:               0 ETH

  Error: VM Exception while processing transaction: reverted with an unrecognized custom error (return data: 0x118cdaa700000000000000000000000070997970c51812dc3a010c7d01b50e0d17dc79c8)

[31meth_estimateGas[0m
  Contract call:       NoLossLottery#endRound
  From:                0x70997970c51812dc3a010c7d01b50e0d17dc79c8
  To:                  0x5fc8d32690cc91d4c39d9d3abcbd16989f875707
  Value:               0 ETH

  Error: reverted with reason string 'Round not finished'

[32meth_blockNumber[0m
[31meth_estimateGas[0m
  Contract call:       NoLossLottery#endRound
  From:                0x70997970c51812dc3a010c7d01b50e0d17dc79c8
  To:                  0x5fc8d32690cc91d4c39d9d3abcbd16989f875707
  Value:               0 ETH

  Error: reverted with reason string 'Round not finished'

[31meth_estimateGas[0m
  Contract call:       NoLossLottery#endRound
  From:                0x70997970c51812dc3a010c7d01b50e0d17dc79c8
  To:                  0x5fc8d32690cc91d4c39d9d3abcbd16989f875707
  Value:               0 ETH

  Error: reverted with reason string 'Round not finished'

[31meth_estimateGas[0m
  Contract call:       NoLossLottery#endRound
  From:                0x70997970c51812dc3a010c7d01b50e0d17dc79c8
  To:                  0x5fc8d32690cc91d4c39d9d3abcbd16989f875707
  Value:               0 ETH

  Error: reverted with reason string 'Round not finished'

[31meth_estimateGas[0m
  Contract call:       NoLossLottery#simulateYield
  From:                0x70997970c51812dc3a010c7d01b50e0d17dc79c8
  To:                  0x5fc8d32690cc91d4c39d9d3abcbd16989f875707
  Value:               0 ETH

  Error: VM Exception while processing transaction: reverted with an unrecognized custom error (return data: 0x118cdaa700000000000000000000000070997970c51812dc3a010c7d01b50e0d17dc79c8)

[31meth_estimateGas[0m
  Contract call:       NoLossLottery#endRound
  From:                0x70997970c51812dc3a010c7d01b50e0d17dc79c8
  To:                  0x5fc8d32690cc91d4c39d9d3abcbd16989f875707
  Value:               0 ETH

  Error: reverted with reason string 'Round not finished'

[31meth_estimateGas[0m
  Contract call:       NoLossLottery#simulateYield
  From:                0x70997970c51812dc3a010c7d01b50e0d17dc79c8
  To:                  0x5fc8d32690cc91d4c39d9d3abcbd16989f875707
  Value:               0 ETH

  Error: VM Exception while processing transaction: reverted with an unrecognized custom error (return data: 0x118cdaa700000000000000000000000070997970c51812dc3a010c7d01b50e0d17dc79c8)

[32meth_blockNumber[0m
[32meth_blockNumber (2)[0m
[31meth_estimateGas[0m
  Contract call:       NoLossLottery#simulateYield
  From:                0x70997970c51812dc3a010c7d01b50e0d17dc79c8
  To:                  0x5fc8d32690cc91d4c39d9d3abcbd16989f875707
  Value:               0 ETH

  Error: VM Exception while processing transaction: reverted with an unrecognized custom error (return data: 0x118cdaa700000000000000000000000070997970c51812dc3a010c7d01b50e0d17dc79c8)

[31meth_estimateGas[0m
  Contract call:       NoLossLottery#endRound
  From:                0x70997970c51812dc3a010c7d01b50e0d17dc79c8
  To:                  0x5fc8d32690cc91d4c39d9d3abcbd16989f875707
  Value:               0 ETH

  Error: reverted with reason string 'Round not finished'

[31meth_estimateGas[0m
  Contract call:       NoLossLottery#simulateYield
  From:                0x70997970c51812dc3a010c7d01b50e0d17dc79c8
  To:                  0x5fc8d32690cc91d4c39d9d3abcbd16989f875707
  Value:               0 ETH

  Error: VM Exception while processing transaction: reverted with an unrecognized custom error (return data: 0x118cdaa700000000000000000000000070997970c51812dc3a010c7d01b50e0d17dc79c8)

[32meth_blockNumber[0m
[32meth_blockNumber (2)[0m
[32meth_blockNumber (3)[0m
[32meth_blockNumber (4)[0m
[31meth_estimateGas[0m
  Contract call:       NoLossLottery#endRound
  From:                0x70997970c51812dc3a010c7d01b50e0d17dc79c8
  To:                  0x5fc8d32690cc91d4c39d9d3abcbd16989f875707
  Value:               0 ETH

  Error: reverted with reason string 'Round not finished'

[31meth_estimateGas[0m
  Contract call:       NoLossLottery#simulateYield
  From:                0x70997970c51812dc3a010c7d01b50e0d17dc79c8
  To:                  0x5fc8d32690cc91d4c39d9d3abcbd16989f875707
  Value:               0 ETH

  Error: VM Exception while processing transaction: reverted with an unrecognized custom error (return data: 0x118cdaa700000000000000000000000070997970c51812dc3a010c7d01b50e0d17dc79c8)

[31meth_estimateGas[0m
  Contract call:       NoLossLottery#endRound
  From:                0x70997970c51812dc3a010c7d01b50e0d17dc79c8
  To:                  0x5fc8d32690cc91d4c39d9d3abcbd16989f875707
  Value:               0 ETH

  Error: reverted with reason string 'Round not finished'

[32meth_blockNumber[0m
[32meth_blockNumber (2)[0m
[32meth_blockNumber (3)[0m
[32meth_blockNumber (4)[0m
[32meth_blockNumber (5)[0m
[32meth_accounts[0m
[32mhardhat_metadata[0m
[32mhardhat_metadata (2)[0m
[32mhardhat_metadata (3)[0m
[32mhardhat_metadata (4)[0m
[32mhardhat_metadata (5)[0m
[32mhardhat_metadata (6)[0m
[32mhardhat_metadata (7)[0m
[32mhardhat_metadata (8)[0m
[32mhardhat_metadata (9)[0m
[32mhardhat_metadata (10)[0m
[32mhardhat_metadata (11)[0m
[32mhardhat_metadata (12)[0m
[32mhardhat_metadata (13)[0m
[32mhardhat_metadata (14)[0m
[32mhardhat_metadata (15)[0m
[32mhardhat_metadata (16)[0m
[32mhardhat_metadata (17)[0m
[32mhardhat_metadata (18)[0m
[32mhardhat_metadata (19)[0m
[32mhardhat_metadata (20)[0m
[32meth_accounts[0m
[32mhardhat_metadata[0m
[32mhardhat_metadata (2)[0m
[32mhardhat_metadata (3)[0m
[32mhardhat_metadata (4)[0m
[32mhardhat_metadata (5)[0m
[32mhardhat_metadata (6)[0m
[32mhardhat_metadata (7)[0m
[32mhardhat_metadata (8)[0m
[32mhardhat_metadata (9)[0m
[32mhardhat_metadata (10)[0m
[32mhardhat_metadata (11)[0m
[32mhardhat_metadata (12)[0m
[32mhardhat_metadata (13)[0m
[32mhardhat_metadata (14)[0m
[32mhardhat_metadata (15)[0m
[32mhardhat_metadata (16)[0m
[32mhardhat_metadata (17)[0m
[32mhardhat_metadata (18)[0m
[32mhardhat_metadata (19)[0m
[32mhardhat_metadata (20)[0m
[32meth_blockNumber[0m
[32meth_getBlockByNumber[0m
[32meth_feeHistory[0m
[32meth_sendTransaction[0m
  Contract deployment: MockDAI
  Contract address:    0x2279b7a0a67db372996a5fab50d91eaa73d2ebe6
  Transaction:         0x7b6a7173607ffdbe6e5ab2ccfb32826f6b428eee51a3eaf4a1225aa1f19f48c0
  From:                0xf39fd6e51aad88f6f4ce6ab8827279cfffb92266
  Value:               0 ETH
  Gas used:            748695 of 30000000
  Block #13:           0xa2ecbcf0106379009269c59a99d54eb77d5f596ced63a4355f8121dbf5bb0dcb

[32meth_getTransactionByHash[0m
[32meth_getTransactionReceipt[0m
[32meth_accounts[0m
[32mhardhat_metadata[0m
[32mhardhat_metadata (2)[0m
[32mhardhat_metadata (3)[0m
[32mhardhat_metadata (4)[0m
[32mhardhat_metadata (5)[0m
[32mhardhat_metadata (6)[0m
[32mhardhat_metadata (7)[0m
[32mhardhat_metadata (8)[0m
[32mhardhat_metadata (9)[0m
[32mhardhat_metadata (10)[0m
[32mhardhat_metadata (11)[0m
[32mhardhat_metadata (12)[0m
[32mhardhat_metadata (13)[0m
[32mhardhat_metadata (14)[0m
[32mhardhat_metadata (15)[0m
[32mhardhat_metadata (16)[0m
[32mhardhat_metadata (17)[0m
[32mhardhat_metadata (18)[0m
[32mhardhat_metadata (19)[0m
[32mhardhat_metadata (20)[0m
[32meth_blockNumber[0m
[32meth_feeHistory[0m
[32meth_sendTransaction[0m
  Contract deployment: MockYieldStrategy
  Contract address:    0x8a791620dd6260079bf849dc5567adc3f2fdc318
  Transaction:         0x8eb69db9f643673023dfb19d1e0cf3b8bd2f6334e7644ca75c14605d0e999c54
  From:                0xf39fd6e51aad88f6f4ce6ab8827279cfffb92266
  Value:               0 ETH
  Gas used:            507505 of 30000000
  Block #14:           0x8324309f717594945dcc8bf790185ac8fd53811641ad3148d89dd745854ecf6c

[32meth_getTransactionByHash[0m
[32meth_getTransactionReceipt[0m
[32meth_accounts[0m
[32mhardhat_metadata[0m
[32mhardhat_metadata (2)[0m
[32mhardhat_metadata (3)[0m
[32mhardhat_metadata (4)[0m
[32mhardhat_metadata (5)[0m
[32mhardhat_metadata (6)[0m
[32mhardhat_metadata (7)[0m
[32mhardhat_metadata (8)[0m
[32mhardhat_metadata (9)[0m
[32mhardhat_metadata (10)[0m
[32mhardhat_metadata (11)[0m
[32mhardhat_metadata (12)[0m
[32mhardhat_metadata (13)[0m
[32mhardhat_metadata (14)[0m
[32mhardhat_metadata (15)[0m
[32mhardhat_metadata (16)[0m
[32mhardhat_metadata (17)[0m
[32mhardhat_metadata (18)[0m
[32mhardhat_metadata (19)[0m
[32mhardhat_metadata (20)[0m
[32meth_blockNumber[0m
[32meth_feeHistory[0m
[32meth_sendTransaction[0m
  Contract deployment: VRFCoordinatorV2Mock
  Contract address:    0x610178da211fef7d417bc0e6fed39f05609ad788
  Transaction:         0x3565d11f08029a18a4fe528f843ec8755618161473c529c5dcd6f54e160db111
  From:                0xf39fd6e51aad88f6f4ce6ab8827279cfffb92266
  Value:               0 ETH
  Gas used:            620543 of 30000000
  Block #15:           0xfb38a2c0175dfd24726ed4034ccc637466d1e779f13ad6e1272ee9df0d316bb2

[32meth_getTransactionByHash[0m
[32meth_getTransactionReceipt[0m
[32meth_blockNumber[0m
[32meth_feeHistory[0m
[32meth_sendTransaction[0m
  Contract call:       VRFCoordinatorV2Mock#createSubscription
  Transaction:         0x9c7746c3a8d287c41af09d9d73b3635c878afbcb896940106cfeb3b584720d5c
  From:                0xf39fd6e51aad88f6f4ce6ab8827279cfffb92266
  To:                  0x610178da211fef7d417bc0e6fed39f05609ad788
  Value:               0 ETH
  Gas used:            67529 of 30000000
  Block #16:           0x95caa187bd7ab6c5f1e8407dd6c20d9fe74f399f1d158eb3f3092ae075db0613

[32meth_getTransactionByHash[0m
[32meth_getTransactionReceipt[0m
[32meth_blockNumber[0m
[32meth_feeHistory[0m
[32meth_sendTransaction[0m
  Contract call:       VRFCoordinatorV2Mock#fundSubscription
  Transaction:         0xfd761cb9e3b571ed295241f423ed37738a7f9c3875c80012ccf5d3c6e42fa144
  From:                0xf39fd6e51aad88f6f4ce6ab8827279cfffb92266
  To:                  0x610178da211fef7d417bc0e6fed39f05609ad788
  Value:               0 ETH
  Gas used:            27502 of 30000000
  Block #17:           0xb4214da9828d0fb85e6b4916b89b287e76cc60552ac8efe8b17ab1f9b4c49f86

[32meth_getTransactionByHash[0m
[32meth_accounts[0m
[32mhardhat_metadata[0m
[32mhardhat_metadata (2)[0m
[32mhardhat_metadata (3)[0m
[32mhardhat_metadata (4)[0m
[32mhardhat_metadata (5)[0m
[32mhardhat_metadata (6)[0m
[32mhardhat_metadata (7)[0m
[32mhardhat_metadata (8)[0m
[32mhardhat_metadata (9)[0m
[32mhardhat_metadata (10)[0m
[32mhardhat_metadata (11)[0m
[32mhardhat_metadata (12)[0m
[32mhardhat_metadata (13)[0m
[32mhardhat_metadata (14)[0m
[32mhardhat_metadata (15)[0m
[32mhardhat_metadata (16)[0m
[32mhardhat_metadata (17)[0m
[32mhardhat_metadata (18)[0m
[32mhardhat_metadata (19)[0m
[32mhardhat_metadata (20)[0m
[32meth_blockNumber[0m
[32meth_feeHistory[0m
[32meth_sendTransaction[0m
  Contract deployment: NoLossLottery
  Contract address:    0x0dcd1bf9a1b36ce34237eeafef220932846bcd82
  Transaction:         0x8d3e8895d53eba6bd3356da8fec123d96120f0ffedb40dde7764e15a4f8cb3cd
  From:                0xf39fd6e51aad88f6f4ce6ab8827279cfffb92266
  Value:               0 ETH
  Gas used:            1866421 of 30000000
  Block #18:           0x2e337eef8df45861c522ec12143c3528c9cdd945cd280be06ac62f0a2f0babee

[32meth_getTransactionByHash[0m
[32meth_getTransactionReceipt[0m
[32meth_blockNumber[0m
[32meth_feeHistory[0m
[32meth_sendTransaction[0m
  Contract call:       VRFCoordinatorV2Mock#addConsumer
  Transaction:         0xb430293ebfd1b14b0757bfd584da3b70d033cb96794285802c2b1c1e7c979ac5
  From:                0xf39fd6e51aad88f6f4ce6ab8827279cfffb92266
  To:                  0x610178da211fef7d417bc0e6fed39f05609ad788
  Value:               0 ETH
  Gas used:            24228 of 30000000
  Block #19:           0x44c0347b51a79f39fc9ed51a95a2eebae77a6e0b1966fdb663b63049e60e4b46

[32meth_getTransactionByHash[0m
[32meth_blockNumber[0m
[32meth_feeHistory[0m
[32meth_sendTransaction[0m
  Contract call:       MockDAI#mint
  Transaction:         0x4300262bd6ec305e2911d4070cf16081ec777fbf1f187100290d3fd1415a7aac
  From:                0xf39fd6e51aad88f6f4ce6ab8827279cfffb92266
  To:                  0x2279b7a0a67db372996a5fab50d91eaa73d2ebe6
  Value:               0 ETH
  Gas used:            36476 of 30000000
  Block #20:           0xcc8e0aaa056a68ca6c03c61633d5ff2fee55268c8f059b0f30591bd1464a8dce

[32meth_getTransactionByHash[0m
[32meth_call[0m
  WARNING: Calling an account which is not a contract
  From:                0x70997970c51812dc3a010c7d01b50e0d17dc79c8
  To:                  0x0dcd1bf9a1b36ce34237eeafef220932846bcd82

[32meth_call[0m
  WARNING: Calling an account which is not a contract
  From:                0x70997970c51812dc3a010c7d01b50e0d17dc79c8
  To:                  0x0dcd1bf9a1b36ce34237eeafef220932846bcd82

[32meth_call[0m
  WARNING: Calling an account which is not a contract
  From:                0x70997970c51812dc3a010c7d01b50e0d17dc79c8
  To:                  0x0dcd1bf9a1b36ce34237eeafef220932846bcd82

[32meth_blockNumber[0m
[32meth_call[0m
  Contract call:       NoLossLottery#getPoolSize
  From:                0x70997970c51812dc3a010c7d01b50e0d17dc79c8
  To:                  0x0dcd1bf9a1b36ce34237eeafef220932846bcd82

[32meth_call[0m
  Contract call:       NoLossLottery#currentRound
  From:                0x70997970c51812dc3a010c7d01b50e0d17dc79c8
  To:                  0x0dcd1bf9a1b36ce34237eeafef220932846bcd82

[32meth_call[0m
  Contract call:       NoLossLottery#userDeposits
  From:                0x70997970c51812dc3a010c7d01b50e0d17dc79c8
  To:                  0x0dcd1bf9a1b36ce34237eeafef220932846bcd82

[32meth_call[0m
  Contract call:       NoLossLottery#totalDeposits
  From:                0x70997970c51812dc3a010c7d01b50e0d17dc79c8
  To:                  0x0dcd1bf9a1b36ce34237eeafef220932846bcd82

[32meth_call[0m
  Contract call:       NoLossLottery#userPrizes
  From:                0x70997970c51812dc3a010c7d01b50e0d17dc79c8
  To:                  0x0dcd1bf9a1b36ce34237eeafef220932846bcd82

[32meth_call[0m
  Contract call:       NoLossLottery#getCurrentYield
  From:                0x70997970c51812dc3a010c7d01b50e0d17dc79c8
  To:                  0x0dcd1bf9a1b36ce34237eeafef220932846bcd82

[32meth_call[0m
  Contract call:       NoLossLottery#getUserOdds
  From:                0x70997970c51812dc3a010c7d01b50e0d17dc79c8
  To:                  0x0dcd1bf9a1b36ce34237eeafef220932846bcd82

[32meth_call[0m
  Contract call:       NoLossLottery#getDepositorCount
  From:                0x70997970c51812dc3a010c7d01b50e0d17dc79c8
  To:                  0x0dcd1bf9a1b36ce34237eeafef220932846bcd82

[32meth_call[0m
  Contract call:       MockDAI#balanceOf
  From:                0x70997970c51812dc3a010c7d01b50e0d17dc79c8
  To:                  0x2279b7a0a67db372996a5fab50d91eaa73d2ebe6

[32meth_call[0m
  Contract call:       NoLossLottery#getTimeUntilRoundEnd
  From:                0x70997970c51812dc3a010c7d01b50e0d17dc79c8
  To:                  0x0dcd1bf9a1b36ce34237eeafef220932846bcd82

[32meth_blockNumber[0m
[32meth_estimateGas[0m
[32meth_getCode[0m
[32meth_getCode (2)[0m
[32meth_gasPrice[0m
[32meth_blockNumber[0m
[32meth_getBalance[0m
[31meth_call[0m
  Contract call:       MockDAI#<unrecognized-selector>
  From:                0xf39fd6e51aad88f6f4ce6ab8827279cfffb92266
  To:                  0x2279b7a0a67db372996a5fab50d91eaa73d2ebe6

  Error: Transaction reverted without a reason

[31meth_call[0m
  Contract call:       MockDAI#<unrecognized-selector>
  From:                0xf39fd6e51aad88f6f4ce6ab8827279cfffb92266
  To:                  0x2279b7a0a67db372996a5fab50d91eaa73d2ebe6

  Error: Transaction reverted without a reason

[32meth_call[0m
  Contract call:       MockDAI#symbol
  From:                0xf39fd6e51aad88f6f4ce6ab8827279cfffb92266
  To:                  0x2279b7a0a67db372996a5fab50d91eaa73d2ebe6

[32meth_call[0m
  Contract call:       MockDAI#decimals
  From:                0xf39fd6e51aad88f6f4ce6ab8827279cfffb92266
  To:                  0x2279b7a0a67db372996a5fab50d91eaa73d2ebe6

[32meth_blockNumber[0m
[32meth_getBlockByNumber[0m
[31meth_call[0m
  Contract call:       MockDAI#<unrecognized-selector>
  From:                0xf39fd6e51aad88f6f4ce6ab8827279cfffb92266
  To:                  0x2279b7a0a67db372996a5fab50d91eaa73d2ebe6

  Error: Transaction reverted without a reason

[31meth_call[0m
  Contract call:       MockDAI#<unrecognized-selector>
  From:                0xf39fd6e51aad88f6f4ce6ab8827279cfffb92266
  To:                  0x2279b7a0a67db372996a5fab50d91eaa73d2ebe6

  Error: Transaction reverted without a reason

[32meth_call[0m
  Contract call:       MockDAI#balanceOf
  From:                0xf39fd6e51aad88f6f4ce6ab8827279cfffb92266
  To:                  0x2279b7a0a67db372996a5fab50d91eaa73d2ebe6

[31meth_call[0m
  Contract call:       MockDAI#<unrecognized-selector>
  From:                0xf39fd6e51aad88f6f4ce6ab8827279cfffb92266
  To:                  0x2279b7a0a67db372996a5fab50d91eaa73d2ebe6

  Error: Transaction reverted without a reason

[31meth_call[0m
  Contract call:       MockDAI#<unrecognized-selector>
  From:                0xf39fd6e51aad88f6f4ce6ab8827279cfffb92266
  To:                  0x2279b7a0a67db372996a5fab50d91eaa73d2ebe6

  Error: Transaction reverted without a reason

[31meth_call[0m
  Contract call:       MockDAI#<unrecognized-selector>
  From:                0xf39fd6e51aad88f6f4ce6ab8827279cfffb92266
  To:                  0x2279b7a0a67db372996a5fab50d91eaa73d2ebe6

  Error: Transaction reverted without a reason

[31meth_call[0m
  Contract call:       MockDAI#<unrecognized-selector>
  From:                0xf39fd6e51aad88f6f4ce6ab8827279cfffb92266
  To:                  0x2279b7a0a67db372996a5fab50d91eaa73d2ebe6

  Error: Transaction reverted without a reason

[31meth_call[0m
  Contract call:       MockDAI#<unrecognized-selector>
  From:                0xf39fd6e51aad88f6f4ce6ab8827279cfffb92266
  To:                  0x2279b7a0a67db372996a5fab50d91eaa73d2ebe6

  Error: Transaction reverted without a reason

[31meth_call[0m
  Contract call:       MockDAI#<unrecognized-selector>
  From:                0xf39fd6e51aad88f6f4ce6ab8827279cfffb92266
  To:                  0x2279b7a0a67db372996a5fab50d91eaa73d2ebe6

  Error: Transaction reverted without a reason

[32meth_getStorageAt[0m
[32meth_getStorageAt (2)[0m
[32meth_getTransactionCount[0m
[32meth_blockNumber[0m
[32meth_sendRawTransaction[0m
  Contract call:       MockDAI#faucet
  Transaction:         0x45f5f55cd3dede7a05fd44884db7a3f78a7cc8b0d13a9f0f2221682f37a40f92
  From:                0x70997970c51812dc3a010c7d01b50e0d17dc79c8
  To:                  0x2279b7a0a67db372996a5fab50d91eaa73d2ebe6
  Value:               0 ETH
  Gas used:            51053 of 51053
  Block #21:           0x3151ff5aaf2e4dd71c3f70fcce916004b60140ff97ad4e8eb5c383c648da0f8e

[31meth_call[0m
  Contract call:       MockDAI#<unrecognized-selector>
  From:                0xf39fd6e51aad88f6f4ce6ab8827279cfffb92266
  To:                  0x2279b7a0a67db372996a5fab50d91eaa73d2ebe6

  Error: Transaction reverted without a reason

[32meth_getTransactionReceipt[0m
[31meth_call[0m
  Contract call:       MockDAI#<unrecognized-selector>
  From:                0xf39fd6e51aad88f6f4ce6ab8827279cfffb92266
  To:                  0x2279b7a0a67db372996a5fab50d91eaa73d2ebe6

  Error: Transaction reverted without a reason

[32meth_blockNumber[0m
[32meth_call[0m
  Contract call:       MockDAI#symbol
  From:                0xf39fd6e51aad88f6f4ce6ab8827279cfffb92266
  To:                  0x2279b7a0a67db372996a5fab50d91eaa73d2ebe6

[32meth_call[0m
  Contract call:       MockDAI#decimals
  From:                0xf39fd6e51aad88f6f4ce6ab8827279cfffb92266
  To:                  0x2279b7a0a67db372996a5fab50d91eaa73d2ebe6

[32meth_call[0m
  Contract call:       NoLossLottery#userDeposits
  From:                0x70997970c51812dc3a010c7d01b50e0d17dc79c8
  To:                  0x0dcd1bf9a1b36ce34237eeafef220932846bcd82

[32meth_gasPrice[0m
[32meth_call[0m
  Contract call:       NoLossLottery#userPrizes
  From:                0x70997970c51812dc3a010c7d01b50e0d17dc79c8
  To:                  0x0dcd1bf9a1b36ce34237eeafef220932846bcd82

[32meth_call[0m
  Contract call:       NoLossLottery#getUserOdds
  From:                0x70997970c51812dc3a010c7d01b50e0d17dc79c8
  To:                  0x0dcd1bf9a1b36ce34237eeafef220932846bcd82

[32meth_call[0m
  Contract call:       MockDAI#balanceOf
  From:                0x70997970c51812dc3a010c7d01b50e0d17dc79c8
  To:                  0x2279b7a0a67db372996a5fab50d91eaa73d2ebe6

[32meth_getTransactionReceipt[0m
[32meth_getBlockByHash[0m
[32meth_blockNumber[0m
[31meth_call[0m
  Contract call:       MockDAI#<unrecognized-selector>
  From:                0xf39fd6e51aad88f6f4ce6ab8827279cfffb92266
  To:                  0x2279b7a0a67db372996a5fab50d91eaa73d2ebe6

  Error: Transaction reverted without a reason

[32meth_getBalance[0m
[32meth_blockNumber[0m
[31meth_call[0m
  Contract call:       MockDAI#<unrecognized-selector>
  From:                0xf39fd6e51aad88f6f4ce6ab8827279cfffb92266
  To:                  0x2279b7a0a67db372996a5fab50d91eaa73d2ebe6

  Error: Transaction reverted without a reason

[32meth_call[0m
  Contract call:       NoLossLottery#getPoolSize
  From:                0x70997970c51812dc3a010c7d01b50e0d17dc79c8
  To:                  0x0dcd1bf9a1b36ce34237eeafef220932846bcd82

[32meth_call[0m
  Contract call:       NoLossLottery#currentRound
  From:                0x70997970c51812dc3a010c7d01b50e0d17dc79c8
  To:                  0x0dcd1bf9a1b36ce34237eeafef220932846bcd82

[32meth_call[0m
  Contract call:       NoLossLottery#totalDeposits
  From:                0x70997970c51812dc3a010c7d01b50e0d17dc79c8
  To:                  0x0dcd1bf9a1b36ce34237eeafef220932846bcd82

[32meth_call[0m
  Contract call:       NoLossLottery#getCurrentYield
  From:                0x70997970c51812dc3a010c7d01b50e0d17dc79c8
  To:                  0x0dcd1bf9a1b36ce34237eeafef220932846bcd82

[32meth_call[0m
  Contract call:       NoLossLottery#getDepositorCount
  From:                0x70997970c51812dc3a010c7d01b50e0d17dc79c8
  To:                  0x0dcd1bf9a1b36ce34237eeafef220932846bcd82

[32meth_call[0m
  Contract call:       NoLossLottery#getTimeUntilRoundEnd
  From:                0x70997970c51812dc3a010c7d01b50e0d17dc79c8
  To:                  0x0dcd1bf9a1b36ce34237eeafef220932846bcd82

[32meth_blockNumber[0m
[32meth_estimateGas[0m
[32meth_getCode[0m
[32meth_getCode (2)[0m
[32meth_blockNumber[0m
[31meth_call[0m
  Contract call:       MockDAI#<unrecognized-selector>
  From:                0xf39fd6e51aad88f6f4ce6ab8827279cfffb92266
  To:                  0x2279b7a0a67db372996a5fab50d91eaa73d2ebe6

  Error: Transaction reverted without a reason

[31meth_call[0m
  Contract call:       MockDAI#<unrecognized-selector>
  From:                0xf39fd6e51aad88f6f4ce6ab8827279cfffb92266
  To:                  0x2279b7a0a67db372996a5fab50d91eaa73d2ebe6

  Error: Transaction reverted without a reason

[32meth_blockNumber[0m
[32meth_getBlockByNumber[0m
[31meth_call[0m
  Contract call:       MockDAI#<unrecognized-selector>
  From:                0xf39fd6e51aad88f6f4ce6ab8827279cfffb92266
  To:                  0x2279b7a0a67db372996a5fab50d91eaa73d2ebe6

  Error: Transaction reverted without a reason

[31meth_call[0m
  Contract call:       MockDAI#<unrecognized-selector>
  From:                0xf39fd6e51aad88f6f4ce6ab8827279cfffb92266
  To:                  0x2279b7a0a67db372996a5fab50d91eaa73d2ebe6

  Error: Transaction reverted without a reason

[31meth_call[0m
  Contract call:       MockDAI#<unrecognized-selector>
  From:                0xf39fd6e51aad88f6f4ce6ab8827279cfffb92266
  To:                  0x2279b7a0a67db372996a5fab50d91eaa73d2ebe6

  Error: Transaction reverted without a reason

[32meth_call[0m
  Contract call:       MockDAI#balanceOf
  From:                0xf39fd6e51aad88f6f4ce6ab8827279cfffb92266
  To:                  0x2279b7a0a67db372996a5fab50d91eaa73d2ebe6

[31meth_call[0m
  Contract call:       MockDAI#<unrecognized-selector>
  From:                0xf39fd6e51aad88f6f4ce6ab8827279cfffb92266
  To:                  0x2279b7a0a67db372996a5fab50d91eaa73d2ebe6

  Error: Transaction reverted without a reason

[31meth_call[0m
  Contract call:       MockDAI#<unrecognized-selector>
  From:                0xf39fd6e51aad88f6f4ce6ab8827279cfffb92266
  To:                  0x2279b7a0a67db372996a5fab50d91eaa73d2ebe6

  Error: Transaction reverted without a reason

[31meth_call[0m
  Contract call:       MockDAI#<unrecognized-selector>
  From:                0xf39fd6e51aad88f6f4ce6ab8827279cfffb92266
  To:                  0x2279b7a0a67db372996a5fab50d91eaa73d2ebe6

  Error: Transaction reverted without a reason

[31meth_call[0m
  Contract call:       MockDAI#<unrecognized-selector>
  From:                0xf39fd6e51aad88f6f4ce6ab8827279cfffb92266
  To:                  0x2279b7a0a67db372996a5fab50d91eaa73d2ebe6

  Error: Transaction reverted without a reason

[31meth_call[0m
  Contract call:       MockDAI#<unrecognized-selector>
  From:                0xf39fd6e51aad88f6f4ce6ab8827279cfffb92266
  To:                  0x2279b7a0a67db372996a5fab50d91eaa73d2ebe6

  Error: Transaction reverted without a reason

[31meth_call[0m
  Contract call:       MockDAI#<unrecognized-selector>
  From:                0xf39fd6e51aad88f6f4ce6ab8827279cfffb92266
  To:                  0x2279b7a0a67db372996a5fab50d91eaa73d2ebe6

  Error: Transaction reverted without a reason

[31meth_call[0m
  Contract call:       MockDAI#<unrecognized-selector>
  From:                0xf39fd6e51aad88f6f4ce6ab8827279cfffb92266
  To:                  0x2279b7a0a67db372996a5fab50d91eaa73d2ebe6

  Error: Transaction reverted without a reason

[31meth_call[0m
  Contract call:       MockDAI#<unrecognized-selector>
  From:                0xf39fd6e51aad88f6f4ce6ab8827279cfffb92266
  To:                  0x2279b7a0a67db372996a5fab50d91eaa73d2ebe6

  Error: Transaction reverted without a reason

[31meth_call[0m
  Contract call:       NoLossLottery#<unrecognized-selector>
  From:                0xf39fd6e51aad88f6f4ce6ab8827279cfffb92266
  To:                  0x0dcd1bf9a1b36ce34237eeafef220932846bcd82

  Error: Transaction reverted without a reason

[31meth_call[0m
  Contract call:       MockDAI#<unrecognized-selector>
  From:                0xf39fd6e51aad88f6f4ce6ab8827279cfffb92266
  To:                  0x2279b7a0a67db372996a5fab50d91eaa73d2ebe6

  Error: Transaction reverted without a reason

[31meth_call[0m
  Contract call:       MockDAI#<unrecognized-selector>
  From:                0xf39fd6e51aad88f6f4ce6ab8827279cfffb92266
  To:                  0x2279b7a0a67db372996a5fab50d91eaa73d2ebe6

  Error: Transaction reverted without a reason

[31meth_call[0m
  Contract call:       NoLossLottery#<unrecognized-selector>
  From:                0xf39fd6e51aad88f6f4ce6ab8827279cfffb92266
  To:                  0x0dcd1bf9a1b36ce34237eeafef220932846bcd82

  Error: Transaction reverted without a reason

[31meth_call[0m
  Contract call:       MockDAI#<unrecognized-selector>
  From:                0xf39fd6e51aad88f6f4ce6ab8827279cfffb92266
  To:                  0x2279b7a0a67db372996a5fab50d91eaa73d2ebe6

  Error: Transaction reverted without a reason

[31meth_call[0m
  Contract call:       NoLossLottery#<unrecognized-selector>
  From:                0xf39fd6e51aad88f6f4ce6ab8827279cfffb92266
  To:                  0x0dcd1bf9a1b36ce34237eeafef220932846bcd82

  Error: Transaction reverted without a reason

[31meth_call[0m
  Contract call:       NoLossLottery#<unrecognized-selector>
  From:                0xf39fd6e51aad88f6f4ce6ab8827279cfffb92266
  To:                  0x0dcd1bf9a1b36ce34237eeafef220932846bcd82

  Error: Transaction reverted without a reason

[32meth_getStorageAt[0m
[32meth_getStorageAt (2)[0m
[32meth_getTransactionCount[0m
[31meth_call[0m
  Contract call:       MockDAI#<unrecognized-selector>
  From:                0xf39fd6e51aad88f6f4ce6ab8827279cfffb92266
  To:                  0x2279b7a0a67db372996a5fab50d91eaa73d2ebe6

  Error: Transaction reverted without a reason

[31meth_call[0m
  Contract call:       MockDAI#<unrecognized-selector>
  From:                0xf39fd6e51aad88f6f4ce6ab8827279cfffb92266
  To:                  0x2279b7a0a67db372996a5fab50d91eaa73d2ebe6

  Error: Transaction reverted without a reason

[31meth_call[0m
  Contract call:       MockDAI#<unrecognized-selector>
  From:                0xf39fd6e51aad88f6f4ce6ab8827279cfffb92266
  To:                  0x2279b7a0a67db372996a5fab50d91eaa73d2ebe6

  Error: Transaction reverted without a reason

[31meth_call[0m
  Contract call:       MockDAI#<unrecognized-selector>
  From:                0xf39fd6e51aad88f6f4ce6ab8827279cfffb92266
  To:                  0x2279b7a0a67db372996a5fab50d91eaa73d2ebe6

  Error: Transaction reverted without a reason

[31meth_call[0m
  Contract call:       MockDAI#<unrecognized-selector>
  From:                0xf39fd6e51aad88f6f4ce6ab8827279cfffb92266
  To:                  0x2279b7a0a67db372996a5fab50d91eaa73d2ebe6

  Error: Transaction reverted without a reason

[31meth_call[0m
  Contract call:       MockDAI#<unrecognized-selector>
  From:                0xf39fd6e51aad88f6f4ce6ab8827279cfffb92266
  To:                  0x2279b7a0a67db372996a5fab50d91eaa73d2ebe6

  Error: Transaction reverted without a reason

[31meth_call[0m
  Contract call:       NoLossLottery#<unrecognized-selector>
  From:                0xf39fd6e51aad88f6f4ce6ab8827279cfffb92266
  To:                  0x0dcd1bf9a1b36ce34237eeafef220932846bcd82

  Error: Transaction reverted without a reason

[31meth_call[0m
  Contract call:       NoLossLottery#<unrecognized-selector>
  From:                0xf39fd6e51aad88f6f4ce6ab8827279cfffb92266
  To:                  0x0dcd1bf9a1b36ce34237eeafef220932846bcd82

  Error: Transaction reverted without a reason

[31meth_call[0m
  Contract call:       NoLossLottery#<unrecognized-selector>
  From:                0xf39fd6e51aad88f6f4ce6ab8827279cfffb92266
  To:                  0x0dcd1bf9a1b36ce34237eeafef220932846bcd82

  Error: Transaction reverted without a reason

[31meth_call[0m
  Contract call:       NoLossLottery#<unrecognized-selector>
  From:                0xf39fd6e51aad88f6f4ce6ab8827279cfffb92266
  To:                  0x0dcd1bf9a1b36ce34237eeafef220932846bcd82

  Error: Transaction reverted without a reason

[32meth_sendRawTransaction[0m
  Contract call:       MockDAI#approve
  Transaction:         0x75f4deae4fcaa39119ca1edb40d94109797edcb54208b00a64d57fb7c13196f6
  From:                0x70997970c51812dc3a010c7d01b50e0d17dc79c8
  To:                  0x2279b7a0a67db372996a5fab50d91eaa73d2ebe6
  Value:               0 ETH
  Gas used:            46706 of 46706
  Block #22:           0x6cf5eee594c11a6d9ef340efb77b6a57c144ffe85e880056bff8dcf4bf731094

[31meth_call[0m
  Contract call:       MockDAI#<unrecognized-selector>
  From:                0xf39fd6e51aad88f6f4ce6ab8827279cfffb92266
  To:                  0x2279b7a0a67db372996a5fab50d91eaa73d2ebe6

  Error: Transaction reverted without a reason

[32meth_getTransactionReceipt[0m
[31meth_call[0m
  Contract call:       MockDAI#<unrecognized-selector>
  From:                0xf39fd6e51aad88f6f4ce6ab8827279cfffb92266
  To:                  0x2279b7a0a67db372996a5fab50d91eaa73d2ebe6

  Error: Transaction reverted without a reason

[32meth_blockNumber[0m
[32meth_call[0m
  Contract call:       MockDAI#symbol
  From:                0xf39fd6e51aad88f6f4ce6ab8827279cfffb92266
  To:                  0x2279b7a0a67db372996a5fab50d91eaa73d2ebe6

[32meth_call[0m
  Contract call:       MockDAI#decimals
  From:                0xf39fd6e51aad88f6f4ce6ab8827279cfffb92266
  To:                  0x2279b7a0a67db372996a5fab50d91eaa73d2ebe6

[32meth_gasPrice[0m
[32meth_call[0m
  Contract call:       NoLossLottery#getPoolSize
  From:                0x70997970c51812dc3a010c7d01b50e0d17dc79c8
  To:                  0x0dcd1bf9a1b36ce34237eeafef220932846bcd82

[32meth_call[0m
  Contract call:       NoLossLottery#currentRound
  From:                0x70997970c51812dc3a010c7d01b50e0d17dc79c8
  To:                  0x0dcd1bf9a1b36ce34237eeafef220932846bcd82

[32meth_call[0m
  Contract call:       NoLossLottery#userDeposits
  From:                0x70997970c51812dc3a010c7d01b50e0d17dc79c8
  To:                  0x0dcd1bf9a1b36ce34237eeafef220932846bcd82

[32meth_call[0m
  Contract call:       NoLossLottery#totalDeposits
  From:                0x70997970c51812dc3a010c7d01b50e0d17dc79c8
  To:                  0x0dcd1bf9a1b36ce34237eeafef220932846bcd82

[32meth_call[0m
  Contract call:       NoLossLottery#userPrizes
  From:                0x70997970c51812dc3a010c7d01b50e0d17dc79c8
  To:                  0x0dcd1bf9a1b36ce34237eeafef220932846bcd82

[32meth_call[0m
  Contract call:       NoLossLottery#getCurrentYield
  From:                0x70997970c51812dc3a010c7d01b50e0d17dc79c8
  To:                  0x0dcd1bf9a1b36ce34237eeafef220932846bcd82

[32meth_call[0m
  Contract call:       NoLossLottery#getUserOdds
  From:                0x70997970c51812dc3a010c7d01b50e0d17dc79c8
  To:                  0x0dcd1bf9a1b36ce34237eeafef220932846bcd82

[32meth_call[0m
  Contract call:       NoLossLottery#getDepositorCount
  From:                0x70997970c51812dc3a010c7d01b50e0d17dc79c8
  To:                  0x0dcd1bf9a1b36ce34237eeafef220932846bcd82

[32meth_call[0m
  Contract call:       MockDAI#balanceOf
  From:                0x70997970c51812dc3a010c7d01b50e0d17dc79c8
  To:                  0x2279b7a0a67db372996a5fab50d91eaa73d2ebe6

[32meth_call[0m
  Contract call:       NoLossLottery#getTimeUntilRoundEnd
  From:                0x70997970c51812dc3a010c7d01b50e0d17dc79c8
  To:                  0x0dcd1bf9a1b36ce34237eeafef220932846bcd82

[32meth_getTransactionReceipt[0m
[32meth_getBlockByHash[0m
[32meth_blockNumber[0m
[31meth_call[0m
  Contract call:       MockDAI#<unrecognized-selector>
  From:                0xf39fd6e51aad88f6f4ce6ab8827279cfffb92266
  To:                  0x2279b7a0a67db372996a5fab50d91eaa73d2ebe6

  Error: Transaction reverted without a reason

[32meth_getBalance[0m
[32meth_blockNumber[0m
[31meth_call[0m
  Contract call:       MockDAI#<unrecognized-selector>
  From:                0xf39fd6e51aad88f6f4ce6ab8827279cfffb92266
  To:                  0x2279b7a0a67db372996a5fab50d91eaa73d2ebe6

  Error: Transaction reverted without a reason

[32meth_blockNumber[0m
[32meth_estimateGas[0m
[32meth_getCode[0m
[32meth_getCode (2)[0m
[32meth_blockNumber[0m
[31meth_call[0m
  Contract call:       NoLossLottery#<unrecognized-selector>
  From:                0xf39fd6e51aad88f6f4ce6ab8827279cfffb92266
  To:                  0x0dcd1bf9a1b36ce34237eeafef220932846bcd82

  Error: Transaction reverted without a reason

[31meth_call[0m
  Contract call:       NoLossLottery#<unrecognized-selector>
  From:                0xf39fd6e51aad88f6f4ce6ab8827279cfffb92266
  To:                  0x0dcd1bf9a1b36ce34237eeafef220932846bcd82

  Error: Transaction reverted without a reason

[31meth_call[0m
  Contract call:       NoLossLottery#<unrecognized-selector>
  From:                0xf39fd6e51aad88f6f4ce6ab8827279cfffb92266
  To:                  0x0dcd1bf9a1b36ce34237eeafef220932846bcd82

  Error: Transaction reverted without a reason

[31meth_call[0m
  Contract call:       NoLossLottery#<unrecognized-selector>
  From:                0xf39fd6e51aad88f6f4ce6ab8827279cfffb92266
  To:                  0x0dcd1bf9a1b36ce34237eeafef220932846bcd82

  Error: Transaction reverted without a reason

[32meth_blockNumber[0m
[32meth_getBlockByNumber[0m
[31meth_call[0m
  Contract call:       NoLossLottery#<unrecognized-selector>
  From:                0xf39fd6e51aad88f6f4ce6ab8827279cfffb92266
  To:                  0x0dcd1bf9a1b36ce34237eeafef220932846bcd82

  Error: Transaction reverted without a reason

[31meth_call[0m
  Contract call:       NoLossLottery#<unrecognized-selector>
  From:                0xf39fd6e51aad88f6f4ce6ab8827279cfffb92266
  To:                  0x0dcd1bf9a1b36ce34237eeafef220932846bcd82

  Error: Transaction reverted without a reason

[31meth_call[0m
  Contract call:       NoLossLottery#<unrecognized-selector>
  From:                0xf39fd6e51aad88f6f4ce6ab8827279cfffb92266
  To:                  0x0dcd1bf9a1b36ce34237eeafef220932846bcd82

  Error: Transaction reverted without a reason

[31meth_call[0m
  Contract call:       NoLossLottery#<unrecognized-selector>
  From:                0xf39fd6e51aad88f6f4ce6ab8827279cfffb92266
  To:                  0x0dcd1bf9a1b36ce34237eeafef220932846bcd82

  Error: Transaction reverted without a reason

[31meth_call[0m
  Contract call:       NoLossLottery#<unrecognized-selector>
  From:                0xf39fd6e51aad88f6f4ce6ab8827279cfffb92266
  To:                  0x0dcd1bf9a1b36ce34237eeafef220932846bcd82

  Error: Transaction reverted without a reason

[31meth_call[0m
  Contract call:       NoLossLottery#<unrecognized-selector>
  From:                0xf39fd6e51aad88f6f4ce6ab8827279cfffb92266
  To:                  0x0dcd1bf9a1b36ce34237eeafef220932846bcd82

  Error: Transaction reverted without a reason

[31meth_call[0m
  Contract call:       NoLossLottery#<unrecognized-selector>
  From:                0xf39fd6e51aad88f6f4ce6ab8827279cfffb92266
  To:                  0x0dcd1bf9a1b36ce34237eeafef220932846bcd82

  Error: Transaction reverted without a reason

[31meth_call[0m
  Contract call:       NoLossLottery#<unrecognized-selector>
  From:                0xf39fd6e51aad88f6f4ce6ab8827279cfffb92266
  To:                  0x0dcd1bf9a1b36ce34237eeafef220932846bcd82

  Error: Transaction reverted without a reason

[31meth_call[0m
  Contract call:       NoLossLottery#<unrecognized-selector>
  From:                0xf39fd6e51aad88f6f4ce6ab8827279cfffb92266
  To:                  0x0dcd1bf9a1b36ce34237eeafef220932846bcd82

  Error: Transaction reverted without a reason

[31meth_call[0m
  Contract call:       NoLossLottery#<unrecognized-selector>
  From:                0xf39fd6e51aad88f6f4ce6ab8827279cfffb92266
  To:                  0x0dcd1bf9a1b36ce34237eeafef220932846bcd82

  Error: Transaction reverted without a reason

[31meth_call[0m
  Contract call:       NoLossLottery#<unrecognized-selector>
  From:                0xf39fd6e51aad88f6f4ce6ab8827279cfffb92266
  To:                  0x0dcd1bf9a1b36ce34237eeafef220932846bcd82

  Error: Transaction reverted without a reason

[31meth_call[0m
  Contract call:       NoLossLottery#<unrecognized-selector>
  From:                0xf39fd6e51aad88f6f4ce6ab8827279cfffb92266
  To:                  0x0dcd1bf9a1b36ce34237eeafef220932846bcd82

  Error: Transaction reverted without a reason

[31meth_call[0m
  Contract call:       NoLossLottery#<unrecognized-selector>
  From:                0xf39fd6e51aad88f6f4ce6ab8827279cfffb92266
  To:                  0x0dcd1bf9a1b36ce34237eeafef220932846bcd82

  Error: Transaction reverted without a reason

[31meth_call[0m
  Contract call:       NoLossLottery#<unrecognized-selector>
  From:                0xf39fd6e51aad88f6f4ce6ab8827279cfffb92266
  To:                  0x0dcd1bf9a1b36ce34237eeafef220932846bcd82

  Error: Transaction reverted without a reason

[31meth_call[0m
  Contract call:       NoLossLottery#<unrecognized-selector>
  From:                0xf39fd6e51aad88f6f4ce6ab8827279cfffb92266
  To:                  0x0dcd1bf9a1b36ce34237eeafef220932846bcd82

  Error: Transaction reverted without a reason

[31meth_call[0m
  Contract call:       NoLossLottery#<unrecognized-selector>
  From:                0xf39fd6e51aad88f6f4ce6ab8827279cfffb92266
  To:                  0x0dcd1bf9a1b36ce34237eeafef220932846bcd82

  Error: Transaction reverted without a reason

[31meth_call[0m
  Contract call:       NoLossLottery#<unrecognized-selector>
  From:                0xf39fd6e51aad88f6f4ce6ab8827279cfffb92266
  To:                  0x0dcd1bf9a1b36ce34237eeafef220932846bcd82

  Error: Transaction reverted without a reason

[31meth_call[0m
  Contract call:       NoLossLottery#<unrecognized-selector>
  From:                0xf39fd6e51aad88f6f4ce6ab8827279cfffb92266
  To:                  0x0dcd1bf9a1b36ce34237eeafef220932846bcd82

  Error: Transaction reverted without a reason

[32meth_getStorageAt[0m
[32meth_getStorageAt (2)[0m
[32meth_getTransactionCount[0m
[32meth_sendRawTransaction[0m
  Contract call:       NoLossLottery#deposit
  Transaction:         0x1e5a011debcdfdc4e18866b7d0fae0dd83fc3220425ca1de8a8bc02b65413d67
  From:                0x70997970c51812dc3a010c7d01b50e0d17dc79c8
  To:                  0x0dcd1bf9a1b36ce34237eeafef220932846bcd82
  Value:               0 ETH
  Gas used:            233543 of 279157
  Block #23:           0x8f02c08d0c6dcf05ed61d2155a57f5981b2902a13dfd31121f18498a92fe90aa

[31meth_call[0m
  Contract call:       NoLossLottery#<unrecognized-selector>
  From:                0xf39fd6e51aad88f6f4ce6ab8827279cfffb92266
  To:                  0x0dcd1bf9a1b36ce34237eeafef220932846bcd82

  Error: Transaction reverted without a reason

[32meth_getTransactionReceipt[0m
[31meth_call[0m
  Contract call:       NoLossLottery#<unrecognized-selector>
  From:                0xf39fd6e51aad88f6f4ce6ab8827279cfffb92266
  To:                  0x0dcd1bf9a1b36ce34237eeafef220932846bcd82

  Error: Transaction reverted without a reason

[32meth_blockNumber[0m
[31meth_call[0m
  Contract call:       NoLossLottery#<unrecognized-selector>
  From:                0xf39fd6e51aad88f6f4ce6ab8827279cfffb92266
  To:                  0x0dcd1bf9a1b36ce34237eeafef220932846bcd82

  Error: Transaction reverted without a reason

[31meth_call[0m
  Contract call:       NoLossLottery#<unrecognized-selector>
  From:                0xf39fd6e51aad88f6f4ce6ab8827279cfffb92266
  To:                  0x0dcd1bf9a1b36ce34237eeafef220932846bcd82

  Error: Transaction reverted without a reason

[32meth_call[0m
  Contract call:       NoLossLottery#getPoolSize
  From:                0x70997970c51812dc3a010c7d01b50e0d17dc79c8
  To:                  0x0dcd1bf9a1b36ce34237eeafef220932846bcd82

[32meth_gasPrice[0m
[32meth_call[0m
  Contract call:       NoLossLottery#totalDeposits
  From:                0x70997970c51812dc3a010c7d01b50e0d17dc79c8
  To:                  0x0dcd1bf9a1b36ce34237eeafef220932846bcd82

[32meth_call[0m
  Contract call:       NoLossLottery#getCurrentYield
  From:                0x70997970c51812dc3a010c7d01b50e0d17dc79c8
  To:                  0x0dcd1bf9a1b36ce34237eeafef220932846bcd82

[32meth_call[0m
  Contract call:       NoLossLottery#currentRound
  From:                0x70997970c51812dc3a010c7d01b50e0d17dc79c8
  To:                  0x0dcd1bf9a1b36ce34237eeafef220932846bcd82

[32meth_call[0m
  Contract call:       NoLossLottery#getDepositorCount
  From:                0x70997970c51812dc3a010c7d01b50e0d17dc79c8
  To:                  0x0dcd1bf9a1b36ce34237eeafef220932846bcd82

[32meth_call[0m
  Contract call:       NoLossLottery#getTimeUntilRoundEnd
  From:                0x70997970c51812dc3a010c7d01b50e0d17dc79c8
  To:                  0x0dcd1bf9a1b36ce34237eeafef220932846bcd82

[32meth_call[0m
  Contract call:       NoLossLottery#userDeposits
  From:                0x70997970c51812dc3a010c7d01b50e0d17dc79c8
  To:                  0x0dcd1bf9a1b36ce34237eeafef220932846bcd82

[32meth_call[0m
  Contract call:       NoLossLottery#userPrizes
  From:                0x70997970c51812dc3a010c7d01b50e0d17dc79c8
  To:                  0x0dcd1bf9a1b36ce34237eeafef220932846bcd82

[32meth_call[0m
  Contract call:       NoLossLottery#getUserOdds
  From:                0x70997970c51812dc3a010c7d01b50e0d17dc79c8
  To:                  0x0dcd1bf9a1b36ce34237eeafef220932846bcd82

[32meth_call[0m
  Contract call:       MockDAI#balanceOf
  From:                0x70997970c51812dc3a010c7d01b50e0d17dc79c8
  To:                  0x2279b7a0a67db372996a5fab50d91eaa73d2ebe6

[32meth_getTransactionReceipt[0m
[32meth_getBlockByHash[0m
[32meth_blockNumber[0m
[31meth_call[0m
  Contract call:       NoLossLottery#<unrecognized-selector>
  From:                0xf39fd6e51aad88f6f4ce6ab8827279cfffb92266
  To:                  0x0dcd1bf9a1b36ce34237eeafef220932846bcd82

  Error: Transaction reverted without a reason

[32meth_getBalance[0m
[32meth_blockNumber[0m
[31meth_call[0m
  Contract call:       NoLossLottery#<unrecognized-selector>
  From:                0xf39fd6e51aad88f6f4ce6ab8827279cfffb92266
  To:                  0x0dcd1bf9a1b36ce34237eeafef220932846bcd82

  Error: Transaction reverted without a reason

[31meth_call[0m
  Contract call:       NoLossLottery#<unrecognized-selector>
  From:                0xf39fd6e51aad88f6f4ce6ab8827279cfffb92266
  To:                  0x0dcd1bf9a1b36ce34237eeafef220932846bcd82

  Error: Transaction reverted without a reason

[31meth_call[0m
  Contract call:       NoLossLottery#<unrecognized-selector>
  From:                0xf39fd6e51aad88f6f4ce6ab8827279cfffb92266
  To:                  0x0dcd1bf9a1b36ce34237eeafef220932846bcd82

  Error: Transaction reverted without a reason

[32meth_blockNumber[0m
[32meth_estimateGas[0m
[32meth_getCode[0m
[32meth_getCode (2)[0m
[32meth_blockNumber[0m
[31meth_call[0m
  Contract call:       NoLossLottery#<unrecognized-selector>
  From:                0xf39fd6e51aad88f6f4ce6ab8827279cfffb92266
  To:                  0x0dcd1bf9a1b36ce34237eeafef220932846bcd82

  Error: Transaction reverted without a reason

[31meth_call[0m
  Contract call:       NoLossLottery#<unrecognized-selector>
  From:                0xf39fd6e51aad88f6f4ce6ab8827279cfffb92266
  To:                  0x0dcd1bf9a1b36ce34237eeafef220932846bcd82

  Error: Transaction reverted without a reason

[31meth_call[0m
  Contract call:       NoLossLottery#<unrecognized-selector>
  From:                0xf39fd6e51aad88f6f4ce6ab8827279cfffb92266
  To:                  0x0dcd1bf9a1b36ce34237eeafef220932846bcd82

  Error: Transaction reverted without a reason

[31meth_call[0m
  Contract call:       NoLossLottery#<unrecognized-selector>
  From:                0xf39fd6e51aad88f6f4ce6ab8827279cfffb92266
  To:                  0x0dcd1bf9a1b36ce34237eeafef220932846bcd82

  Error: Transaction reverted without a reason

[32meth_blockNumber[0m
[32meth_getBlockByNumber[0m
[31meth_call[0m
  Contract call:       NoLossLottery#<unrecognized-selector>
  From:                0xf39fd6e51aad88f6f4ce6ab8827279cfffb92266
  To:                  0x0dcd1bf9a1b36ce34237eeafef220932846bcd82

  Error: Transaction reverted without a reason

[31meth_call[0m
  Contract call:       NoLossLottery#<unrecognized-selector>
  From:                0xf39fd6e51aad88f6f4ce6ab8827279cfffb92266
  To:                  0x0dcd1bf9a1b36ce34237eeafef220932846bcd82

  Error: Transaction reverted without a reason

[31meth_call[0m
  Contract call:       NoLossLottery#<unrecognized-selector>
  From:                0xf39fd6e51aad88f6f4ce6ab8827279cfffb92266
  To:                  0x0dcd1bf9a1b36ce34237eeafef220932846bcd82

  Error: Transaction reverted without a reason

[31meth_call[0m
  Contract call:       NoLossLottery#<unrecognized-selector>
  From:                0xf39fd6e51aad88f6f4ce6ab8827279cfffb92266
  To:                  0x0dcd1bf9a1b36ce34237eeafef220932846bcd82

  Error: Transaction reverted without a reason

[31meth_call[0m
  Contract call:       NoLossLottery#<unrecognized-selector>
  From:                0xf39fd6e51aad88f6f4ce6ab8827279cfffb92266
  To:                  0x0dcd1bf9a1b36ce34237eeafef220932846bcd82

  Error: Transaction reverted without a reason

[31meth_call[0m
  Contract call:       NoLossLottery#<unrecognized-selector>
  From:                0xf39fd6e51aad88f6f4ce6ab8827279cfffb92266
  To:                  0x0dcd1bf9a1b36ce34237eeafef220932846bcd82

  Error: Transaction reverted without a reason

[31meth_call[0m
  Contract call:       NoLossLottery#<unrecognized-selector>
  From:                0xf39fd6e51aad88f6f4ce6ab8827279cfffb92266
  To:                  0x0dcd1bf9a1b36ce34237eeafef220932846bcd82

  Error: Transaction reverted without a reason

[31meth_call[0m
  Contract call:       NoLossLottery#<unrecognized-selector>
  From:                0xf39fd6e51aad88f6f4ce6ab8827279cfffb92266
  To:                  0x0dcd1bf9a1b36ce34237eeafef220932846bcd82

  Error: Transaction reverted without a reason

[31meth_call[0m
  Contract call:       NoLossLottery#<unrecognized-selector>
  From:                0xf39fd6e51aad88f6f4ce6ab8827279cfffb92266
  To:                  0x0dcd1bf9a1b36ce34237eeafef220932846bcd82

  Error: Transaction reverted without a reason

[31meth_call[0m
  Contract call:       NoLossLottery#<unrecognized-selector>
  From:                0xf39fd6e51aad88f6f4ce6ab8827279cfffb92266
  To:                  0x0dcd1bf9a1b36ce34237eeafef220932846bcd82

  Error: Transaction reverted without a reason

[31meth_call[0m
  Contract call:       NoLossLottery#<unrecognized-selector>
  From:                0xf39fd6e51aad88f6f4ce6ab8827279cfffb92266
  To:                  0x0dcd1bf9a1b36ce34237eeafef220932846bcd82

  Error: Transaction reverted without a reason

[31meth_call[0m
  Contract call:       NoLossLottery#<unrecognized-selector>
  From:                0xf39fd6e51aad88f6f4ce6ab8827279cfffb92266
  To:                  0x0dcd1bf9a1b36ce34237eeafef220932846bcd82

  Error: Transaction reverted without a reason

[31meth_call[0m
  Contract call:       NoLossLottery#<unrecognized-selector>
  From:                0xf39fd6e51aad88f6f4ce6ab8827279cfffb92266
  To:                  0x0dcd1bf9a1b36ce34237eeafef220932846bcd82

  Error: Transaction reverted without a reason

[31meth_call[0m
  Contract call:       NoLossLottery#<unrecognized-selector>
  From:                0xf39fd6e51aad88f6f4ce6ab8827279cfffb92266
  To:                  0x0dcd1bf9a1b36ce34237eeafef220932846bcd82

  Error: Transaction reverted without a reason

[31meth_call[0m
  Contract call:       NoLossLottery#<unrecognized-selector>
  From:                0xf39fd6e51aad88f6f4ce6ab8827279cfffb92266
  To:                  0x0dcd1bf9a1b36ce34237eeafef220932846bcd82

  Error: Transaction reverted without a reason

[31meth_call[0m
  Contract call:       NoLossLottery#<unrecognized-selector>
  From:                0xf39fd6e51aad88f6f4ce6ab8827279cfffb92266
  To:                  0x0dcd1bf9a1b36ce34237eeafef220932846bcd82

  Error: Transaction reverted without a reason

[31meth_call[0m
  Contract call:       NoLossLottery#<unrecognized-selector>
  From:                0xf39fd6e51aad88f6f4ce6ab8827279cfffb92266
  To:                  0x0dcd1bf9a1b36ce34237eeafef220932846bcd82

  Error: Transaction reverted without a reason

[31meth_call[0m
  Contract call:       NoLossLottery#<unrecognized-selector>
  From:                0xf39fd6e51aad88f6f4ce6ab8827279cfffb92266
  To:                  0x0dcd1bf9a1b36ce34237eeafef220932846bcd82

  Error: Transaction reverted without a reason

[32meth_getStorageAt[0m
[32meth_getStorageAt (2)[0m
[32meth_getTransactionCount[0m
[32meth_sendRawTransaction[0m
  Contract call:       NoLossLottery#simulateYield
  Transaction:         0xf9cd6447fbb1218a8ce94b0efad690e995bdd95fcbc09b415eb1f401f594b1ea
  From:                0x70997970c51812dc3a010c7d01b50e0d17dc79c8
  To:                  0x0dcd1bf9a1b36ce34237eeafef220932846bcd82
  Value:               0 ETH
  Gas used:            35766 of 35766
  Block #24:           0xdfb8613354a7e0be981daba6e55c2501b8c1dc2fa70923a703a2871a90e52429

[31meth_call[0m
  Contract call:       NoLossLottery#<unrecognized-selector>
  From:                0xf39fd6e51aad88f6f4ce6ab8827279cfffb92266
  To:                  0x0dcd1bf9a1b36ce34237eeafef220932846bcd82

  Error: Transaction reverted without a reason

[32meth_getTransactionReceipt[0m
[31meth_call[0m
  Contract call:       NoLossLottery#<unrecognized-selector>
  From:                0xf39fd6e51aad88f6f4ce6ab8827279cfffb92266
  To:                  0x0dcd1bf9a1b36ce34237eeafef220932846bcd82

  Error: Transaction reverted without a reason

[32meth_blockNumber[0m
[31meth_call[0m
  Contract call:       NoLossLottery#<unrecognized-selector>
  From:                0xf39fd6e51aad88f6f4ce6ab8827279cfffb92266
  To:                  0x0dcd1bf9a1b36ce34237eeafef220932846bcd82

  Error: Transaction reverted without a reason

[31meth_call[0m
  Contract call:       NoLossLottery#<unrecognized-selector>
  From:                0xf39fd6e51aad88f6f4ce6ab8827279cfffb92266
  To:                  0x0dcd1bf9a1b36ce34237eeafef220932846bcd82

  Error: Transaction reverted without a reason

[32meth_call[0m
  Contract call:       NoLossLottery#getPoolSize
  From:                0x70997970c51812dc3a010c7d01b50e0d17dc79c8
  To:                  0x0dcd1bf9a1b36ce34237eeafef220932846bcd82

[32meth_call[0m
  Contract call:       NoLossLottery#totalDeposits
  From:                0x70997970c51812dc3a010c7d01b50e0d17dc79c8
  To:                  0x0dcd1bf9a1b36ce34237eeafef220932846bcd82

[32meth_call[0m
  Contract call:       NoLossLottery#getCurrentYield
  From:                0x70997970c51812dc3a010c7d01b50e0d17dc79c8
  To:                  0x0dcd1bf9a1b36ce34237eeafef220932846bcd82

[32meth_call[0m
  Contract call:       NoLossLottery#currentRound
  From:                0x70997970c51812dc3a010c7d01b50e0d17dc79c8
  To:                  0x0dcd1bf9a1b36ce34237eeafef220932846bcd82

[32meth_call[0m
  Contract call:       NoLossLottery#getDepositorCount
  From:                0x70997970c51812dc3a010c7d01b50e0d17dc79c8
  To:                  0x0dcd1bf9a1b36ce34237eeafef220932846bcd82

[32meth_call[0m
  Contract call:       NoLossLottery#getTimeUntilRoundEnd
  From:                0x70997970c51812dc3a010c7d01b50e0d17dc79c8
  To:                  0x0dcd1bf9a1b36ce34237eeafef220932846bcd82

[32meth_gasPrice[0m
[32meth_getTransactionReceipt[0m
[32meth_getBlockByHash[0m
[32meth_blockNumber[0m
[31meth_call[0m
  Contract call:       NoLossLottery#<unrecognized-selector>
  From:                0xf39fd6e51aad88f6f4ce6ab8827279cfffb92266
  To:                  0x0dcd1bf9a1b36ce34237eeafef220932846bcd82

  Error: Transaction reverted without a reason

[32meth_getBalance[0m
[32meth_blockNumber[0m
[31meth_call[0m
  Contract call:       NoLossLottery#<unrecognized-selector>
  From:                0xf39fd6e51aad88f6f4ce6ab8827279cfffb92266
  To:                  0x0dcd1bf9a1b36ce34237eeafef220932846bcd82

  Error: Transaction reverted without a reason

[31meth_call[0m
  Contract call:       NoLossLottery#<unrecognized-selector>
  From:                0xf39fd6e51aad88f6f4ce6ab8827279cfffb92266
  To:                  0x0dcd1bf9a1b36ce34237eeafef220932846bcd82

  Error: Transaction reverted without a reason

[31meth_call[0m
  Contract call:       NoLossLottery#<unrecognized-selector>
  From:                0xf39fd6e51aad88f6f4ce6ab8827279cfffb92266
  To:                  0x0dcd1bf9a1b36ce34237eeafef220932846bcd82

  Error: Transaction reverted without a reason

[32meth_call[0m
  Contract call:       NoLossLottery#userDeposits
  From:                0x70997970c51812dc3a010c7d01b50e0d17dc79c8
  To:                  0x0dcd1bf9a1b36ce34237eeafef220932846bcd82

[32meth_call[0m
  Contract call:       NoLossLottery#userPrizes
  From:                0x70997970c51812dc3a010c7d01b50e0d17dc79c8
  To:                  0x0dcd1bf9a1b36ce34237eeafef220932846bcd82

[32meth_call[0m
  Contract call:       NoLossLottery#getUserOdds
  From:                0x70997970c51812dc3a010c7d01b50e0d17dc79c8
  To:                  0x0dcd1bf9a1b36ce34237eeafef220932846bcd82

[32meth_call[0m
  Contract call:       MockDAI#balanceOf
  From:                0x70997970c51812dc3a010c7d01b50e0d17dc79c8
  To:                  0x2279b7a0a67db372996a5fab50d91eaa73d2ebe6

[32meth_blockNumber[0m
[32meth_blockNumber (2)[0m
[32meth_blockNumber (3)[0m
[32meth_blockNumber (4)[0m
[32meth_blockNumber (5)[0m
[32meth_blockNumber (6)[0m
[32meth_estimateGas[0m
[32meth_getCode[0m
[32meth_getCode (2)[0m
[32meth_blockNumber[0m
[31meth_call[0m
  Contract call:       NoLossLottery#<unrecognized-selector>
  From:                0xf39fd6e51aad88f6f4ce6ab8827279cfffb92266
  To:                  0x0dcd1bf9a1b36ce34237eeafef220932846bcd82

  Error: Transaction reverted without a reason

[31meth_call[0m
  Contract call:       NoLossLottery#<unrecognized-selector>
  From:                0xf39fd6e51aad88f6f4ce6ab8827279cfffb92266
  To:                  0x0dcd1bf9a1b36ce34237eeafef220932846bcd82

  Error: Transaction reverted without a reason

[31meth_call[0m
  Contract call:       NoLossLottery#<unrecognized-selector>
  From:                0xf39fd6e51aad88f6f4ce6ab8827279cfffb92266
  To:                  0x0dcd1bf9a1b36ce34237eeafef220932846bcd82

  Error: Transaction reverted without a reason

[31meth_call[0m
  Contract call:       NoLossLottery#<unrecognized-selector>
  From:                0xf39fd6e51aad88f6f4ce6ab8827279cfffb92266
  To:                  0x0dcd1bf9a1b36ce34237eeafef220932846bcd82

  Error: Transaction reverted without a reason

[32meth_blockNumber[0m
[32meth_getBlockByNumber[0m
[31meth_call[0m
  Contract call:       NoLossLottery#<unrecognized-selector>
  From:                0xf39fd6e51aad88f6f4ce6ab8827279cfffb92266
  To:                  0x0dcd1bf9a1b36ce34237eeafef220932846bcd82

  Error: Transaction reverted without a reason

[31meth_call[0m
  Contract call:       NoLossLottery#<unrecognized-selector>
  From:                0xf39fd6e51aad88f6f4ce6ab8827279cfffb92266
  To:                  0x0dcd1bf9a1b36ce34237eeafef220932846bcd82

  Error: Transaction reverted without a reason

[31meth_call[0m
  Contract call:       NoLossLottery#<unrecognized-selector>
  From:                0xf39fd6e51aad88f6f4ce6ab8827279cfffb92266
  To:                  0x0dcd1bf9a1b36ce34237eeafef220932846bcd82

  Error: Transaction reverted without a reason

[31meth_call[0m
  Contract call:       NoLossLottery#<unrecognized-selector>
  From:                0xf39fd6e51aad88f6f4ce6ab8827279cfffb92266
  To:                  0x0dcd1bf9a1b36ce34237eeafef220932846bcd82

  Error: Transaction reverted without a reason

[31meth_call[0m
  Contract call:       NoLossLottery#<unrecognized-selector>
  From:                0xf39fd6e51aad88f6f4ce6ab8827279cfffb92266
  To:                  0x0dcd1bf9a1b36ce34237eeafef220932846bcd82

  Error: Transaction reverted without a reason

[31meth_call[0m
  Contract call:       NoLossLottery#<unrecognized-selector>
  From:                0xf39fd6e51aad88f6f4ce6ab8827279cfffb92266
  To:                  0x0dcd1bf9a1b36ce34237eeafef220932846bcd82

  Error: Transaction reverted without a reason

[31meth_call[0m
  Contract call:       NoLossLottery#<unrecognized-selector>
  From:                0xf39fd6e51aad88f6f4ce6ab8827279cfffb92266
  To:                  0x0dcd1bf9a1b36ce34237eeafef220932846bcd82

  Error: Transaction reverted without a reason

[31meth_call[0m
  Contract call:       NoLossLottery#<unrecognized-selector>
  From:                0xf39fd6e51aad88f6f4ce6ab8827279cfffb92266
  To:                  0x0dcd1bf9a1b36ce34237eeafef220932846bcd82

  Error: Transaction reverted without a reason

[31meth_call[0m
  Contract call:       NoLossLottery#<unrecognized-selector>
  From:                0xf39fd6e51aad88f6f4ce6ab8827279cfffb92266
  To:                  0x0dcd1bf9a1b36ce34237eeafef220932846bcd82

  Error: Transaction reverted without a reason

[31meth_call[0m
  Contract call:       NoLossLottery#<unrecognized-selector>
  From:                0xf39fd6e51aad88f6f4ce6ab8827279cfffb92266
  To:                  0x0dcd1bf9a1b36ce34237eeafef220932846bcd82

  Error: Transaction reverted without a reason

[31meth_call[0m
  Contract call:       NoLossLottery#<unrecognized-selector>
  From:                0xf39fd6e51aad88f6f4ce6ab8827279cfffb92266
  To:                  0x0dcd1bf9a1b36ce34237eeafef220932846bcd82

  Error: Transaction reverted without a reason

[31meth_call[0m
  Contract call:       NoLossLottery#<unrecognized-selector>
  From:                0xf39fd6e51aad88f6f4ce6ab8827279cfffb92266
  To:                  0x0dcd1bf9a1b36ce34237eeafef220932846bcd82

  Error: Transaction reverted without a reason

[31meth_call[0m
  Contract call:       NoLossLottery#<unrecognized-selector>
  From:                0xf39fd6e51aad88f6f4ce6ab8827279cfffb92266
  To:                  0x0dcd1bf9a1b36ce34237eeafef220932846bcd82

  Error: Transaction reverted without a reason

[31meth_call[0m
  Contract call:       NoLossLottery#<unrecognized-selector>
  From:                0xf39fd6e51aad88f6f4ce6ab8827279cfffb92266
  To:                  0x0dcd1bf9a1b36ce34237eeafef220932846bcd82

  Error: Transaction reverted without a reason

[31meth_call[0m
  Contract call:       NoLossLottery#<unrecognized-selector>
  From:                0xf39fd6e51aad88f6f4ce6ab8827279cfffb92266
  To:                  0x0dcd1bf9a1b36ce34237eeafef220932846bcd82

  Error: Transaction reverted without a reason

[31meth_call[0m
  Contract call:       NoLossLottery#<unrecognized-selector>
  From:                0xf39fd6e51aad88f6f4ce6ab8827279cfffb92266
  To:                  0x0dcd1bf9a1b36ce34237eeafef220932846bcd82

  Error: Transaction reverted without a reason

[31meth_call[0m
  Contract call:       NoLossLottery#<unrecognized-selector>
  From:                0xf39fd6e51aad88f6f4ce6ab8827279cfffb92266
  To:                  0x0dcd1bf9a1b36ce34237eeafef220932846bcd82

  Error: Transaction reverted without a reason

[31meth_call[0m
  Contract call:       NoLossLottery#<unrecognized-selector>
  From:                0xf39fd6e51aad88f6f4ce6ab8827279cfffb92266
  To:                  0x0dcd1bf9a1b36ce34237eeafef220932846bcd82

  Error: Transaction reverted without a reason

[32meth_getStorageAt[0m
[32meth_getStorageAt (2)[0m
[32meth_getTransactionCount[0m
[32meth_blockNumber[0m
[32meth_blockNumber (2)[0m
[32meth_sendRawTransaction[0m
  Contract call:       NoLossLottery#endRound
  Transaction:         0x8f22f9d21108ef30656355a4af0db706beaafd73a949c93f4037c9abf899c486
  From:                0x70997970c51812dc3a010c7d01b50e0d17dc79c8
  To:                  0x0dcd1bf9a1b36ce34237eeafef220932846bcd82
  Value:               0 ETH
  Gas used:            187342 of 187342
  Block #25:           0x4a3d4d6b34dc5939d553b661e017f309224bf1a3696fe652148d35118965ab81

[31meth_call[0m
  Contract call:       NoLossLottery#<unrecognized-selector>
  From:                0xf39fd6e51aad88f6f4ce6ab8827279cfffb92266
  To:                  0x0dcd1bf9a1b36ce34237eeafef220932846bcd82

  Error: Transaction reverted without a reason

[32meth_getTransactionReceipt[0m
[31meth_call[0m
  Contract call:       NoLossLottery#<unrecognized-selector>
  From:                0xf39fd6e51aad88f6f4ce6ab8827279cfffb92266
  To:                  0x0dcd1bf9a1b36ce34237eeafef220932846bcd82

  Error: Transaction reverted without a reason

[32meth_blockNumber[0m
[31meth_call[0m
  Contract call:       NoLossLottery#<unrecognized-selector>
  From:                0xf39fd6e51aad88f6f4ce6ab8827279cfffb92266
  To:                  0x0dcd1bf9a1b36ce34237eeafef220932846bcd82

  Error: Transaction reverted without a reason

[31meth_call[0m
  Contract call:       NoLossLottery#<unrecognized-selector>
  From:                0xf39fd6e51aad88f6f4ce6ab8827279cfffb92266
  To:                  0x0dcd1bf9a1b36ce34237eeafef220932846bcd82

  Error: Transaction reverted without a reason

[32meth_gasPrice[0m
[32meth_getTransactionReceipt[0m
[32meth_getBlockByHash[0m
[32meth_blockNumber[0m
[31meth_call[0m
  Contract call:       NoLossLottery#<unrecognized-selector>
  From:                0xf39fd6e51aad88f6f4ce6ab8827279cfffb92266
  To:                  0x0dcd1bf9a1b36ce34237eeafef220932846bcd82

  Error: Transaction reverted without a reason

[32meth_call[0m
  Contract call:       NoLossLottery#getPoolSize
  From:                0x70997970c51812dc3a010c7d01b50e0d17dc79c8
  To:                  0x0dcd1bf9a1b36ce34237eeafef220932846bcd82

[32meth_getBalance[0m
[32meth_blockNumber[0m
[31meth_call[0m
  Contract call:       NoLossLottery#<unrecognized-selector>
  From:                0xf39fd6e51aad88f6f4ce6ab8827279cfffb92266
  To:                  0x0dcd1bf9a1b36ce34237eeafef220932846bcd82

  Error: Transaction reverted without a reason

[32meth_call[0m
  Contract call:       NoLossLottery#totalDeposits
  From:                0x70997970c51812dc3a010c7d01b50e0d17dc79c8
  To:                  0x0dcd1bf9a1b36ce34237eeafef220932846bcd82

[31meth_call[0m
  Contract call:       NoLossLottery#<unrecognized-selector>
  From:                0xf39fd6e51aad88f6f4ce6ab8827279cfffb92266
  To:                  0x0dcd1bf9a1b36ce34237eeafef220932846bcd82

  Error: Transaction reverted without a reason

[31meth_call[0m
  Contract call:       NoLossLottery#<unrecognized-selector>
  From:                0xf39fd6e51aad88f6f4ce6ab8827279cfffb92266
  To:                  0x0dcd1bf9a1b36ce34237eeafef220932846bcd82

  Error: Transaction reverted without a reason

[32meth_call[0m
  Contract call:       NoLossLottery#getCurrentYield
  From:                0x70997970c51812dc3a010c7d01b50e0d17dc79c8
  To:                  0x0dcd1bf9a1b36ce34237eeafef220932846bcd82

[32meth_call[0m
  Contract call:       NoLossLottery#currentRound
  From:                0x70997970c51812dc3a010c7d01b50e0d17dc79c8
  To:                  0x0dcd1bf9a1b36ce34237eeafef220932846bcd82

[32meth_call[0m
  Contract call:       NoLossLottery#getDepositorCount
  From:                0x70997970c51812dc3a010c7d01b50e0d17dc79c8
  To:                  0x0dcd1bf9a1b36ce34237eeafef220932846bcd82

[32meth_call[0m
  Contract call:       NoLossLottery#getTimeUntilRoundEnd
  From:                0x70997970c51812dc3a010c7d01b50e0d17dc79c8
  To:                  0x0dcd1bf9a1b36ce34237eeafef220932846bcd82

[32meth_call[0m
  Contract call:       NoLossLottery#userDeposits
  From:                0x70997970c51812dc3a010c7d01b50e0d17dc79c8
  To:                  0x0dcd1bf9a1b36ce34237eeafef220932846bcd82

[32meth_call[0m
  Contract call:       NoLossLottery#userPrizes
  From:                0x70997970c51812dc3a010c7d01b50e0d17dc79c8
  To:                  0x0dcd1bf9a1b36ce34237eeafef220932846bcd82

[32meth_call[0m
  Contract call:       NoLossLottery#getUserOdds
  From:                0x70997970c51812dc3a010c7d01b50e0d17dc79c8
  To:                  0x0dcd1bf9a1b36ce34237eeafef220932846bcd82

[32meth_call[0m
  Contract call:       MockDAI#balanceOf
  From:                0x70997970c51812dc3a010c7d01b50e0d17dc79c8
  To:                  0x2279b7a0a67db372996a5fab50d91eaa73d2ebe6

[32meth_blockNumber[0m
[32meth_blockNumber (2)[0m
[32meth_blockNumber (3)[0m
[32meth_blockNumber (4)[0m
[32meth_blockNumber (5)[0m
[32meth_blockNumber (6)[0m
[32meth_blockNumber (7)[0m
[32meth_blockNumber (8)[0m
[32meth_blockNumber (9)[0m
[32meth_blockNumber (10)[0m
[32meth_blockNumber (11)[0m
[32meth_blockNumber (12)[0m
[32meth_blockNumber (13)[0m
[32meth_blockNumber (14)[0m
[32meth_blockNumber (15)[0m
[32meth_blockNumber (16)[0m
[32meth_blockNumber (17)[0m
[32meth_blockNumber (18)[0m
[32meth_blockNumber (19)[0m
[32meth_blockNumber (20)[0m
[32meth_blockNumber (21)[0m
[32meth_blockNumber (22)[0m
[32meth_blockNumber (23)[0m
[32meth_blockNumber (24)[0m
[32meth_blockNumber (25)[0m
[32meth_blockNumber (26)[0m
[32meth_blockNumber (27)[0m
[32meth_blockNumber (28)[0m
[32meth_blockNumber (29)[0m
[32meth_blockNumber (30)[0m
[32meth_blockNumber (31)[0m
